Date,6701.T,6758.T,9983.T,7974.T,6702.T,6861.T,6367.T,9843.T,8113.T,6594.T
2021-01-04,1022.6001586914062,2006.87744140625,28789.052734375,5624.88134765625,1377.3055419921875,55729.01171875,21261.09765625,4057.4775390625,1517.5577392578125,6297.998046875
2021-01-05,1035.49755859375,2032.840576171875,28194.615234375,5671.21875,1395.3974609375,55071.79296875,20965.41796875,4133.3720703125,1513.489990234375,6386.634765625
2021-01-06,1022.6001586914062,1986.683349609375,27495.8359375,5558.80712890625,1387.5113525390625,53921.6484375,20637.404296875,4252.90380859375,1517.2447509765625,6362.68017578125
2021-01-07,1026.28515625,2007.8385009765625,27935.337890625,5556.23291015625,1409.7781982421875,55207.1015625,20845.30078125,4308.8759765625,1545.4053955078125,6547.138671875
2021-01-08,1050.23779296875,2060.7275390625,29004.0625,5609.43408203125,1461.734619140625,56801.83984375,21639.935546875,4362.00146484375,1566.0570068359375,6719.62158203125
2021-01-12,1088.9307861328125,2086.690673828125,28808.0234375,5710.69189453125,1485.39306640625,56560.21484375,22129.65625,4225.39306640625,1516.3060302734375,6853.77490234375
2021-01-13,1077.8758544921875,2057.842041015625,29130.53515625,5645.47607421875,1474.2596435546875,55970.64453125,21898.65234375,4181.75341796875,1517.5577392578125,6935.224609375
2021-01-14,1068.6629638671875,2067.458984375,29614.3046875,5647.19189453125,1486.3209228515625,55767.66796875,21986.43359375,4253.85302734375,1567.9344482421875,6731.5986328125
2021-01-15,1061.2928466796875,2030.91796875,28770.08203125,5636.89453125,1479.362548828125,55129.77734375,21459.751953125,4255.7509765625,1564.1795654296875,6492.04052734375
2021-01-18,1046.5528564453125,2015.5316162109375,28523.44921875,5624.0234375,1475.6513671875,55361.73828125,21265.720703125,4216.8544921875,1564.4921875,6789.09375
2021-01-19,1052.08056640625,2039.5718994140625,29396.130859375,5651.482421875,1476.5792236328125,55825.66796875,21515.197265625,4197.880859375,1553.5408935546875,6813.05029296875
2021-01-20,1053.9229736328125,2036.68701171875,28808.0234375,5553.658203125,1479.8262939453125,54578.87109375,21076.30078125,4113.44921875,1551.9766845703125,6755.5556640625
2021-01-21,1074.1907958984375,2039.5718994140625,29048.326171875,5385.46875,1501.629638671875,54975.140625,21348.876953125,4169.42138671875,1525.3798828125,6853.77490234375
2021-01-22,1085.2457275390625,2015.5316162109375,29032.515625,5485.01025390625,1572.60546875,55719.35546875,21376.59765625,4174.1640625,1540.3992919921875,6803.46728515625
2021-01-25,1092.615966796875,1980.913818359375,29721.810546875,5378.6044921875,1553.121826171875,55545.37890625,21556.775390625,4123.884765625,1508.7965087890625,6860.9619140625
2021-01-26,1085.2457275390625,1978.0289306640625,28975.59765625,5337.41552734375,1495.135009765625,54404.89453125,20914.599609375,4100.16845703125,1491.5870361328125,6899.29150390625
2021-01-27,1090.7734375,1975.14404296875,28672.05859375,5372.59912109375,1533.63818359375,56560.21484375,21418.17578125,4114.39794921875,1491.5870361328125,7090.93798828125
2021-01-28,1079.7183837890625,1929.9483642578125,28602.5,5291.0791015625,1464.0538330078125,55245.76171875,20951.560546875,3994.864990234375,1484.3905029296875,6906.4765625
2021-01-29,1050.23779296875,1932.8336181640625,28400.13671875,5198.40234375,1486.3209228515625,54259.91015625,20424.8828125,3944.5849609375,1470.622802734375,6635.77587890625
2021-02-01,1184.7420654296875,1953.0269775390625,28937.658203125,5375.17236328125,1482.6097412109375,55748.35546875,20563.482421875,3948.380126953125,1459.0455322265625,6801.07080078125
2021-02-02,1193.9547119140625,2012.646484375,28934.498046875,5354.57763671875,1514.6185302734375,54569.19140625,21080.91796875,3909.484375,1459.6712646484375,6937.62060546875
2021-02-03,1182.8994140625,2045.3414306640625,29152.671875,5363.15869140625,1506.2684326171875,54395.234375,21039.34375,3955.96923828125,1472.5001220703125,6738.7861328125
2021-02-04,1170.0018310546875,2240.54833984375,28779.568359375,5284.2138671875,1474.7235107421875,53960.296875,20595.822265625,3852.564453125,1458.4197998046875,6585.46875
2021-02-05,1164.4742431640625,2394.405517578125,29155.828125,5438.67333984375,1483.073486328125,54240.59375,20688.220703125,3902.843994140625,1436.203857421875,6676.50146484375
2021-02-08,1164.4742431640625,2326.13134765625,29604.822265625,5444.67822265625,1491.42333984375,54849.48828125,21593.73828125,3909.484375,1461.23583984375,6808.25830078125
2021-02-09,1175.529296875,2274.20458984375,30079.10546875,5341.7060546875,1487.2486572265625,55970.64453125,21053.201171875,3993.916015625,1477.5067138671875,7002.30078125
2021-02-10,1166.3170166015625,2305.9375,30205.58203125,5521.90771484375,1475.6513671875,55178.1015625,21432.037109375,3941.73974609375,1488.145263671875,6932.8291015625
2021-02-12,1153.419189453125,2278.05078125,30211.90625,5692.6708984375,1486.78466796875,55758.00390625,21288.818359375,3922.76611328125,1467.806640625,7090.93798828125
2021-02-15,1158.9466552734375,2302.091064453125,31448.203125,5714.982421875,1491.42333984375,57101.46875,21626.078125,3965.4560546875,1483.7646484375,7181.97021484375
2021-02-16,1142.364013671875,2354.017578125,32409.421875,5864.29248046875,1471.012451171875,56888.8203125,21861.69140625,4016.68505859375,1531.012451171875,7213.11279296875
2021-02-17,1171.844482421875,2346.324951171875,32456.84375,5887.46142578125,1466.83740234375,56270.26953125,21482.857421875,4019.53076171875,1543.528076171875,7150.82763671875
2021-02-18,1158.9466552734375,2307.860595703125,33942.94140625,5886.6044921875,1459.8787841796875,56192.9453125,21487.4765625,4062.907958984375,1534.4539794921875,6995.11376953125
2021-02-19,1166.3170166015625,2301.12939453125,33120.84375,5860.86083984375,1468.2291259765625,55410.0625,21191.798828125,3989.660400390625,1500.3482666015625,6968.7626953125
2021-02-22,1158.9466552734375,2304.014404296875,33168.27734375,5837.69140625,1475.6513671875,54849.48828125,20420.263671875,3935.4375,1453.1005859375,7019.06982421875
2021-02-24,1094.45849609375,2178.04345703125,33832.27734375,5701.251953125,1411.1697998046875,51360.38671875,19616.388671875,3776.57421875,1389.5821533203125,6633.38037109375
2021-02-25,1101.82861328125,2225.16259765625,34716.42578125,5866.0087890625,1441.3231201171875,51795.31640625,20078.388671875,3902.142578125,1367.0535888671875,6760.3466796875
2021-02-26,1068.6629638671875,2138.61767578125,33274.5234375,5556.23291015625,1425.086669921875,48866.78515625,19145.154296875,3781.330322265625,1319.1800537109375,6477.66748046875
2021-03-01,1118.4112548828125,2193.429443359375,34177.69140625,5600.8544921875,1448.745361328125,48934.4453125,19778.0859375,3856.4814453125,1356.4150390625,6681.2919921875
2021-03-02,1112.8836669921875,2181.889892578125,33179.453125,5536.49658203125,1448.745361328125,49321.04296875,19657.966796875,3861.237548828125,1345.46337890625,6710.0400390625
2021-03-03,1134.9940185546875,2179.00537109375,33258.6875,5440.388671875,1415.8087158203125,48779.79296875,19736.509765625,3802.258544921875,1353.91162109375,6506.41455078125
2021-03-04,1138.6790771484375,2124.193603515625,31446.017578125,5244.74072265625,1423.23095703125,47977.59765625,19542.474609375,3724.25390625,1369.2435302734375,6307.58154296875
2021-03-05,1173.686767578125,2156.887939453125,30381.23046875,5322.828125,1415.3447265625,49726.98046875,20156.92578125,3810.820068359375,1422.4365234375,6369.86572265625
2021-03-08,1138.6790771484375,2119.385498046875,29877.35546875,5126.32177734375,1377.7691650390625,48625.16015625,19768.845703125,3666.225830078125,1426.817138671875,6005.73681640625
2021-03-09,1136.836669921875,2078.99755859375,29794.96484375,5048.23486328125,1410.7056884765625,47156.06640625,20193.88671875,3657.6640625,1439.020263671875,5830.859375
2021-03-10,1160.789306640625,2115.538818359375,29075.6015625,5062.82177734375,1456.1678466796875,47484.6796875,20263.1875,3613.905517578125,1415.23974609375,5981.77978515625
2021-03-11,1170.0018310546875,2117.46240234375,30051.65234375,5126.32177734375,1495.135009765625,46189.55078125,20369.44140625,3714.7412109375,1408.043212890625,6084.791015625
2021-03-12,1173.686767578125,2179.00537109375,30010.453125,5204.4091796875,1507.1961669921875,47735.96875,21228.759765625,3775.623046875,1400.5335693359375,6297.998046875
2021-03-15,1188.42724609375,2192.467529296875,30229.115234375,5287.6455078125,1485.39306640625,47832.62890625,20789.86328125,3816.528076171875,1418.0556640625,6156.65869140625
2021-03-16,1201.3245849609375,2228.046630859375,30165.736328125,5460.98291015625,1495.135009765625,48093.58203125,21048.580078125,3956.3662109375,1407.7301025390625,6300.39404296875
2021-03-17,1228.9625244140625,2226.124267578125,30422.42578125,5448.9697265625,1507.6600341796875,48683.15234375,21233.37890625,3870.7509765625,1380.1951904296875,6360.2841796875
2021-03-18,1238.175048828125,2236.701904296875,30717.142578125,5436.95703125,1531.318603515625,49835.5859375,21515.197265625,3964.927490234375,1418.0556640625,6525.57958984375
2021-03-19,1223.4349365234375,2222.278076171875,28844.259765625,5365.7333984375,1489.5679931640625,51230.125,21390.45703125,4024.857421875,1418.0556640625,6499.22705078125
2021-03-22,1247.3880615234375,2204.007080078125,27535.462890625,5404.34814453125,1506.2684326171875,48537.890625,20531.14453125,4024.857421875,1434.952392578125,6372.2607421875
2021-03-23,1206.852294921875,2217.46923828125,27506.9453125,5490.158203125,1503.021240234375,48654.09765625,19939.787109375,3954.462890625,1444.0264892578125,6350.701171875
2021-03-24,1190.2696533203125,2158.811279296875,26537.232421875,5418.0771484375,1491.42333984375,48218.3046875,19422.349609375,3925.92529296875,1412.1109619140625,6326.7451171875
2021-03-25,1190.2696533203125,2156.887939453125,26904.8359375,5346.85498046875,1506.2684326171875,49845.28125,20101.490234375,3947.80419921875,1442.149169921875,6264.46044921875
2021-03-26,1210.537353515625,2199.19873046875,27142.5078125,5513.32763671875,1513.690673828125,49506.31640625,20170.7890625,3995.36767578125,1444.6524658203125,6405.7998046875
2021-03-29,1216.06494140625,2237.662841796875,27377.013671875,5547.6513671875,1524.360107421875,50310.12109375,20734.419921875,4119.03466796875,1483.7646484375,6398.61328125
2021-03-30,1208.649658203125,2216.452880859375,28245.3203125,5574.845703125,1519.6929931640625,50261.6953125,20711.2421875,4135.20654296875,1466.2421875,6410.61767578125
2021-03-31,1208.649658203125,2235.735107421875,27928.419921875,5422.20654296875,1493.5555419921875,48683.15234375,20697.330078125,4076.226318359375,1453.4134521484375,6451.43408203125
2021-04-01,1208.649658203125,2246.34033203125,27874.548828125,5519.580078125,1504.757568359375,50271.38671875,20864.244140625,3904.99658203125,1466.5552978515625,6626.7060546875
2021-04-02,1208.649658203125,2352.390380859375,28669.966796875,5521.3349609375,1517.825927734375,51714.34765625,21276.89453125,3853.62744140625,1489.396728515625,6744.3544921875
2021-04-05,1206.7962646484375,2377.45703125,29344.962890625,5556.4248046875,1529.4942626953125,50736.22265625,21054.341796875,3857.432373046875,1469.058349609375,6729.94873046875
2021-04-06,1190.1124267578125,2329.252197265625,28904.474609375,5588.88232421875,1537.8956298828125,49680.640625,20919.8828125,3798.453857421875,1449.6585693359375,6626.7060546875
2021-04-07,1234.6025390625,2345.6416015625,28359.40625,5596.77734375,1569.1669921875,48905.88671875,20868.880859375,3851.72509765625,1458.106689453125,6693.93359375
2021-04-08,1221.6260986328125,2294.544921875,28831.5859375,5680.9921875,1555.1649169921875,49535.37890625,20966.244140625,3846.968994140625,1436.203857421875,6749.15576171875
2021-04-09,1223.47998046875,2358.175537109375,27852.36328125,5688.8876953125,1558.431884765625,50174.5390625,21119.25390625,3869.79931640625,1428.694580078125,6809.18115234375
2021-04-12,1229.041259765625,2347.5703125,27668.564453125,5673.09619140625,1543.9632568359375,49341.68359375,21082.158203125,3828.894287109375,1440.271728515625,6717.94287109375
2021-04-13,1214.2113037109375,2348.534423828125,28749.19140625,5738.8896484375,1528.56103515625,49506.31640625,21147.07421875,3838.4072265625,1421.1846923828125,6633.90869140625
2021-04-14,1201.2349853515625,2350.4619140625,28441.798828125,5780.99658203125,1509.4248046875,50106.75,21045.068359375,3778.476318359375,1393.0240478515625,6540.27099609375
2021-04-15,1199.3809814453125,2353.354248046875,28457.642578125,5688.8876953125,1514.0921630859375,49700.0078125,20915.248046875,3805.112548828125,1385.514404296875,6621.90283203125
2021-04-16,1203.088623046875,2329.252197265625,28593.908203125,5706.43212890625,1534.62841796875,50164.859375,21017.25,3918.314697265625,1381.44677734375,6701.1357421875
2021-04-19,1201.2349853515625,2311.898681640625,28311.869140625,5623.09375,1541.1627197265625,50009.90234375,21323.2578125,3893.581298828125,1371.1209716796875,6727.54736328125
2021-04-20,1177.1361083984375,2287.79638671875,27697.08203125,5532.73974609375,1518.759521484375,48993.05078125,20409.869140625,3826.99169921875,1376.7532958984375,6545.07275390625
2021-04-21,1145.6219482421875,2231.87890625,27152.015625,5493.26318359375,1457.6170654296875,48344.203125,20057.490234375,3799.404541015625,1347.6536865234375,6420.2216796875
2021-04-22,1169.720947265625,2259.83740234375,27830.1796875,5479.22802734375,1515.0255126953125,50222.9609375,20539.6875,3801.3076171875,1377.6920166015625,6708.33984375
2021-04-23,1175.2822265625,2282.975830078125,27725.60546875,5475.71826171875,1531.361328125,49913.05859375,20349.591796875,3780.37890625,1375.501708984375,6364.99951171875
2021-04-26,1173.428466796875,2255.981201171875,27956.943359375,5390.6259765625,1510.3583984375,50494.125,20502.599609375,3824.1376953125,1355.7891845703125,6235.34619140625
2021-04-27,1166.0133056640625,2207.776611328125,28311.869140625,5351.150390625,1491.6888427734375,48799.37109375,20535.052734375,3810.820068359375,1314.173828125,6345.7919921875
2021-04-28,1171.5748291015625,2277.191162109375,28435.4609375,5460.8056640625,1511.29150390625,48905.88671875,21114.615234375,3768.964111328125,1351.0958251953125,6345.7919921875
2021-04-30,1178.98974609375,2101.72607421875,28429.126953125,5499.4033203125,1624.7083740234375,50862.1328125,20335.6875,3730.91259765625,1327.941162109375,6076.8818359375
2021-05-06,1173.428466796875,2066.0546875,29405.17578125,5404.662109375,1605.105712890625,51627.19140625,20864.244140625,3724.25390625,1331.69580078125,6079.2822265625
2021-05-07,1162.3060302734375,2018.81396484375,29189.6796875,5299.39404296875,1564.4996337890625,51607.82421875,20947.703125,3764.20751953125,1338.5797119140625,5978.44140625
2021-05-10,1177.1361083984375,2078.587646484375,27779.478515625,5458.1748046875,1565.8997802734375,51801.51171875,21434.533203125,3749.9384765625,1331.0701904296875,5997.6494140625
2021-05-11,1141.91455078125,2005.3162841796875,27583.0,5480.98193359375,1557.965087890625,50571.59765625,20419.138671875,3671.933837890625,1294.4609375,5795.966796875
2021-05-12,1108.5469970703125,1986.03466796875,27586.169921875,5413.43505859375,1525.7606201171875,50416.64453125,19413.01953125,3703.325439453125,1313.5478515625,5747.94775390625
2021-05-13,952.831298828125,1926.0679931640625,26689.341796875,5273.95361328125,1505.6907958984375,50184.22265625,19403.74609375,3633.882080078125,1318.5540771484375,5649.50732421875
2021-05-14,963.9539794921875,1971.5731201171875,27548.13671875,5375.71337890625,1568.7001953125,50000.21484375,19756.12109375,3708.081787109375,1337.953857421875,5747.94775390625
2021-05-17,954.6851806640625,1991.819091796875,27281.943359375,5501.15869140625,1570.567138671875,50426.33203125,19445.47265625,3674.78759765625,1334.511962890625,5690.32421875
2021-05-18,945.416259765625,1989.890869140625,28181.939453125,5423.9609375,1601.8382568359375,50891.1875,19946.21875,3669.07958984375,1376.4403076171875,5887.20458984375
2021-05-19,960.2463989257812,2009.1728515625,27300.958984375,5490.6318359375,1612.5733642578125,50804.015625,19213.650390625,3710.93603515625,1379.88232421875,5786.36279296875
2021-05-20,945.416259765625,2019.77783203125,27158.3515625,5498.52587890625,1655.5130615234375,51017.07421875,19315.654296875,3678.592041015625,1387.7049560546875,5892.005859375
2021-05-21,958.3926391601562,2029.4190673828125,27453.068359375,5677.482421875,1688.6514892578125,51917.71875,19287.83203125,3684.300048828125,1408.35595703125,5896.80810546875
2021-05-24,984.34521484375,2026.5269775390625,27494.263671875,5702.0458984375,1682.116943359375,51055.80859375,19649.48046875,3677.64111328125,1443.0877685546875,5918.4169921875
2021-05-25,969.51513671875,2073.767578125,27750.955078125,5855.56201171875,1704.5203857421875,51046.12890625,19621.6640625,3614.856689453125,1445.278076171875,6004.85107421875
2021-05-26,954.6851806640625,2063.161865234375,27896.73046875,5920.47802734375,1727.390625,51220.4453125,19802.48828125,3600.587646484375,1438.707275390625,6021.65869140625
2021-05-27,963.9539794921875,2082.443603515625,27880.88671875,5885.3876953125,1675.5826416015625,51820.87109375,19783.939453125,3640.54150390625,1405.8529052734375,5956.83203125
2021-05-28,954.6851806640625,2115.222900390625,28467.15234375,5962.5849609375,1676.0494384765625,52857.09765625,20479.416015625,3623.418701171875,1368.3050537109375,6096.08935546875
2021-05-31,947.2700805664062,2079.5517578125,28257.998046875,5938.89990234375,1660.180419921875,52169.515625,20034.3125,3608.197998046875,1352.66015625,6016.857421875
2021-06-01,941.708740234375,2088.228515625,28172.431640625,5856.439453125,1672.3155517578125,52208.25390625,20122.404296875,3596.782470703125,1357.0406494140625,6012.05517578125
2021-06-02,934.2938232421875,2083.408447265625,28131.23828125,5891.529296875,1694.25244140625,52004.87890625,19751.484375,3436.016357421875,1351.0958251953125,6127.3017578125
2021-06-03,936.1475219726562,2093.04931640625,26968.212890625,5940.654296875,1713.3885498046875,52760.2578125,19941.58203125,3457.895751953125,1366.427734375,6129.703125
2021-06-04,945.416259765625,2105.582763671875,26968.212890625,5944.1630859375,1728.3240966796875,52585.93359375,19705.119140625,3461.70068359375,1354.5374755859375,6064.87646484375
2021-06-07,941.708740234375,2092.0849609375,26657.6484375,6016.0966796875,1738.12548828125,52779.62109375,19640.20703125,3509.264892578125,1378.0050048828125,6012.05517578125
2021-06-08,947.2700805664062,2120.0439453125,26385.1171875,6012.587890625,1739.992431640625,52673.09765625,19028.19140625,3544.46240234375,1372.37255859375,6009.65380859375
2021-06-09,954.6851806640625,2073.767578125,26248.8515625,5917.8466796875,1739.525634765625,52430.98828125,18457.90234375,3554.92626953125,1372.059814453125,5894.40673828125
2021-06-10,954.6851806640625,2081.47998046875,26391.455078125,5885.3876953125,1751.660888671875,52150.1484375,18773.185546875,3500.703369140625,1372.9984130859375,5887.20458984375
2021-06-11,965.8076782226562,2094.013427734375,26144.271484375,5890.65234375,1781.531982421875,52527.828125,18694.361328125,3538.75439453125,1388.643310546875,5887.20458984375
2021-06-14,978.7839965820312,2086.300537109375,26724.201171875,5709.0634765625,1791.7999267578125,53961.11328125,18777.822265625,3576.8056640625,1389.8948974609375,6000.05078125
2021-06-15,1028.83544921875,2123.899658203125,26638.63671875,5708.18603515625,1815.136962890625,55026.390625,18967.916015625,3600.587646484375,1400.220703125,6019.2578125
2021-06-16,1030.689208984375,2063.161865234375,25912.93359375,5548.529296875,1804.4017333984375,54832.69921875,19389.837890625,3599.636474609375,1388.017822265625,6004.85107421875
2021-06-17,1034.396728515625,2014.9576416015625,25941.455078125,5614.3212890625,1813.7366943359375,54881.12890625,19195.103515625,3526.3876953125,1398.34326171875,5918.4169921875
2021-06-18,1015.8591918945312,2024.5985107421875,26134.763671875,5728.36279296875,1803.935302734375,55132.91796875,19292.470703125,3502.606201171875,1394.2755126953125,6170.52001953125
2021-06-21,1001.029052734375,2032.3109130859375,24997.095703125,5678.359375,1779.1981201171875,53370.3671875,19014.28125,3479.775634765625,1365.8016357421875,5944.82763671875
2021-06-22,1021.4203491210938,2095.94140625,25779.833984375,5718.71337890625,1867.411376953125,55103.859375,19686.576171875,3584.416015625,1379.88232421875,6129.703125
2021-06-23,1001.029052734375,2053.52099609375,26309.060546875,5621.34033203125,1845.008056640625,54987.66015625,19473.294921875,3773.72021484375,1388.33056640625,6124.9013671875
2021-06-24,1004.7366333007812,2060.26953125,26274.19921875,5650.2890625,1863.67724609375,53786.796875,19241.47265625,3722.3515625,1383.0113525390625,6129.703125
2021-06-25,1006.590576171875,2092.0849609375,26210.8203125,5620.46337890625,1887.94775390625,53835.22265625,19477.9296875,3732.8154296875,1404.2884521484375,6208.935546875
2021-06-28,1004.7366333007812,2095.94140625,26841.455078125,5657.306640625,1908.017333984375,53961.11328125,19264.65234375,3776.57421875,1399.594970703125,6189.72705078125
2021-06-29,1039.9578857421875,2121.0078125,26518.21484375,5666.95654296875,1932.287841796875,54435.64453125,19501.11328125,3735.66943359375,1407.44921875,6168.1181640625
2021-06-30,1060.349365234375,2085.3359375,26502.369140625,5668.7109375,1941.622314453125,54300.0703125,19185.830078125,3740.42529296875,1404.307373046875,6182.5244140625
2021-07-01,1045.5191650390625,2109.4384765625,26565.751953125,5659.06103515625,1911.751220703125,54455.015625,19399.11328125,3820.333251953125,1402.7364501953125,6127.3017578125
2021-07-02,1049.2265625,2186.566162109375,26328.076171875,5715.20458984375,1945.8228759765625,55220.08203125,19445.47265625,3800.355712890625,1416.2454833984375,6156.1142578125
2021-07-05,1058.49560546875,2167.2841796875,25827.373046875,5715.20458984375,1984.095458984375,54929.55078125,19232.19921875,3798.453857421875,1402.7364501953125,6175.32275390625
2021-07-06,1051.08056640625,2167.2841796875,25944.626953125,5856.439453125,1959.3583984375,55007.01171875,19728.30078125,3773.72021484375,1382.3160400390625,6158.5146484375
2021-07-07,1041.8116455078125,2145.110595703125,25656.24609375,5851.17578125,1953.29052734375,55936.71875,19635.572265625,3788.940673828125,1383.258544921875,6194.52978515625
2021-07-08,1041.8116455078125,2116.1875,25320.33203125,5540.63427734375,1946.289794921875,55345.96875,20354.224609375,3758.499755859375,1381.687744140625,6172.9208984375
2021-07-09,1039.9578857421875,2131.613037109375,25250.61328125,5552.03759765625,1967.7593994140625,54532.48828125,19751.484375,3732.8154296875,1370.6920166015625,6031.2626953125
2021-07-12,1049.2265625,2214.52490234375,25545.333984375,5589.75927734375,1975.6939697265625,56624.31640625,20423.775390625,3747.084228515625,1408.077392578125,6297.77197265625
2021-07-13,1067.76416015625,2229.9501953125,25618.216796875,5556.4248046875,1973.3602294921875,56885.78125,20558.232421875,3762.304443359375,1416.5596923828125,6333.7861328125
2021-07-14,1071.471923828125,2237.6630859375,25507.3046875,5564.31884765625,1931.3543701171875,56740.515625,20641.6953125,3806.063720703125,1431.95361328125,6333.7861328125
2021-07-15,1056.6419677734375,2199.099609375,25225.263671875,5551.1611328125,1914.5517578125,55762.3984375,20484.05078125,3829.845703125,1398.02392578125,6264.1572265625
2021-07-16,1049.2265625,2150.89501953125,24566.111328125,5482.73583984375,1897.7491455078125,55713.98046875,20470.142578125,3851.72509765625,1387.3427734375,6264.1572265625
2021-07-19,1039.9578857421875,2107.51025390625,24293.576171875,5376.59033203125,1881.8802490234375,53922.37109375,20590.689453125,3881.215087890625,1374.7757568359375,6127.3017578125
2021-07-20,1028.83544921875,2060.26953125,24021.0390625,5260.79541015625,1846.874755859375,53641.53515625,20335.6875,3876.458251953125,1376.03271484375,6093.68896484375
2021-07-21,1051.08056640625,2102.690185546875,23805.54296875,5247.63623046875,1870.678466796875,54164.48828125,20507.234375,3922.11962890625,1397.08154296875,6242.548828125
2021-07-26,1051.08056640625,2116.1875,24024.20703125,5273.95361328125,1888.41455078125,55713.98046875,20998.701171875,3865.994384765625,1398.02392578125,6040.86669921875
2021-07-27,1058.49560546875,2130.649169921875,24074.912109375,5301.1474609375,1899.6160888671875,56188.5078125,21300.07421875,3948.756103515625,1402.7364501953125,6098.490234375
2021-07-28,1049.2265625,2147.03857421875,23437.9453125,5191.4931640625,1849.2086181640625,55200.70703125,21072.890625,3932.583740234375,1396.1390380859375,5913.615234375
2021-07-29,1073.3255615234375,2221.273681640625,23650.263671875,5150.26318359375,1901.4827880859375,56159.4609375,21235.166015625,3967.78076171875,1387.9708251953125,5956.83203125
2021-07-30,1026.9814453125,2193.31494140625,23425.267578125,4947.62060546875,1732.9913330078125,58822.6484375,21017.25,3958.268310546875,1376.660888671875,5877.60009765625
2021-08-02,1067.76416015625,2227.05810546875,23384.068359375,5033.59033203125,1771.263671875,60546.46484375,21517.9921875,4026.760498046875,1423.4713134765625,6031.2626953125
2021-08-03,1065.91064453125,2206.8125,23174.9140625,4976.56982421875,1762.3956298828125,60662.66796875,21517.9921875,4018.19873046875,1412.78955078125,6057.673828125
2021-08-04,1058.49560546875,2135.46923828125,23339.705078125,4870.42431640625,1743.2593994140625,59946.0390625,22876.482421875,4012.490966796875,1410.5906982421875,6069.67822265625
2021-08-05,1064.056884765625,2190.42236328125,23174.9140625,4955.51611328125,1721.3231201171875,60023.50390625,23340.134765625,4044.834716796875,1536.2557373046875,6141.7080078125
2021-08-06,1060.349365234375,2198.13525390625,23235.125,4597.6025390625,1734.8582763671875,60188.1484375,23080.48828125,4046.737060546875,1527.4593505859375,6156.1142578125
2021-08-10,1052.9342041015625,2143.181884765625,23460.126953125,4457.2451171875,1765.1962890625,61369.6328125,23145.40234375,4011.53955078125,1507.9810791015625,6148.91064453125
2021-08-11,1056.6419677734375,2142.217529296875,23957.662109375,4617.7802734375,1791.333251953125,62173.4296875,24017.060546875,4080.982666015625,1495.1005859375,6259.35595703125
2021-08-12,1052.9342041015625,2122.936279296875,23891.109375,4593.21630859375,1810.4696044921875,61863.53125,24100.51953125,4116.18017578125,1485.0469970703125,6196.93017578125
2021-08-13,1041.8116455078125,2152.82275390625,23903.787109375,4600.23486328125,1809.0692138671875,62338.05859375,24109.79296875,4139.962890625,1500.1270751953125,6124.9013671875
2021-08-16,1038.1041259765625,2104.617919921875,23203.43359375,4556.37353515625,1789.9332275390625,60749.8359375,24040.248046875,4110.47216796875,1474.0513916015625,5925.61962890625
2021-08-17,1019.5665283203125,2067.0185546875,23181.25390625,4568.65478515625,1764.7293701171875,60672.3671875,23966.06640625,4128.54638671875,1474.993896484375,5841.5859375
2021-08-18,1026.9814453125,2101.72607421875,23387.240234375,4585.32177734375,1767.5299072265625,60498.0390625,23928.97265625,4100.0087890625,1492.9012451171875,5925.61962890625
2021-08-19,1023.274169921875,2044.8443603515625,23209.779296875,4525.67041015625,1739.0587158203125,60410.875,23864.060546875,4070.4228515625,1499.812744140625,5834.3818359375
2021-08-20,1021.4203491210938,2047.73681640625,22832.6640625,4597.6025390625,1749.7939453125,59926.65625,23683.232421875,4080.920654296875,1514.264404296875,5781.560546875
2021-08-23,1038.1041259765625,2121.0078125,23092.5234375,4610.76220703125,1791.333251953125,62754.49609375,24527.080078125,4092.37451171875,1545.99462890625,5827.1796875
2021-08-24,1045.5191650390625,2195.24267578125,23279.4921875,4671.29150390625,1841.2740478515625,63684.1875,24768.17578125,3973.076416015625,1557.3046875,5988.0458984375
2021-08-25,1052.9342041015625,2210.66845703125,23203.43359375,4674.80029296875,1822.137939453125,63548.609375,24707.900390625,3875.729736328125,1513.007568359375,5956.83203125
2021-08-26,1038.1041259765625,2177.88916015625,23241.462890625,4609.88427734375,1829.60595703125,63025.65625,24800.630859375,3874.775390625,1488.8170166015625,5978.44140625
2021-08-27,1051.08056640625,2165.356201171875,22978.439453125,4541.46044921875,1841.740966796875,62609.2265625,24587.353515625,3835.646240234375,1513.6358642578125,5954.43115234375
2021-08-30,1060.349365234375,2166.320068359375,22584.177734375,4604.62109375,1865.07763671875,63325.875,25032.45703125,3888.13671875,1530.6007080078125,6000.05078125
2021-08-31,1071.471923828125,2190.42236328125,23057.9296875,4640.587890625,1894.9488525390625,64042.5078125,25412.650390625,3928.220458984375,1540.6539306640625,6060.0751953125
2021-09-01,1101.132080078125,2205.84814453125,23321.830078125,4712.52099609375,1912.2181396484375,64972.1953125,25579.5625,3946.35400390625,1517.091796875,6093.68896484375
2021-09-02,1090.00927734375,2236.69921875,23274.134765625,4797.61328125,1918.28564453125,64914.1015625,25769.658203125,3997.890625,1527.4593505859375,6115.296875
2021-09-03,1108.5469970703125,2290.6884765625,23728.8046875,4765.15625,1947.6898193359375,66269.90625,26367.765625,3972.12158203125,1545.3663330078125,6168.1181640625
2021-09-06,1127.08447265625,2304.18603515625,24361.53515625,4837.08984375,2005.5650634765625,67073.6953125,26970.513671875,4027.47607421875,1539.3974609375,6261.7568359375
2021-09-07,1127.08447265625,2310.93408203125,24148.505859375,4884.46044921875,2006.9652099609375,70366.3671875,27304.341796875,4076.149169921875,1581.8092041015625,6393.8115234375
2021-09-08,1119.6695556640625,2308.042236328125,24129.4296875,4794.10498046875,1988.7625732421875,70753.7578125,27225.521484375,4119.0966796875,1594.3756103515625,6398.61328125
2021-09-09,1106.6929931640625,2323.4677734375,23973.62890625,4766.91064453125,1980.828369140625,70531.015625,26873.146484375,4159.1806640625,1580.2384033203125,6295.3701171875
2021-09-10,1149.329833984375,2359.1396484375,24126.251953125,4848.49267578125,2050.8388671875,71664.0859375,27035.423828125,4294.701171875,1635.2169189453125,6364.99951171875
2021-09-13,1138.2071533203125,2358.175537109375,24059.48046875,4848.49267578125,2060.640380859375,73116.734375,27026.150390625,4342.42138671875,1583.380126953125,6360.197265625
2021-09-14,1153.0369873046875,2381.313232421875,24014.966796875,4755.50537109375,2056.90625,73581.5859375,27030.7890625,4306.154296875,1560.4459228515625,6545.07275390625
2021-09-15,1153.0369873046875,2346.605712890625,24145.326171875,4727.43505859375,2040.103515625,73126.421875,26942.693359375,4298.52001953125,1551.9638671875,6657.91845703125
2021-09-16,1171.5748291015625,2365.88818359375,24374.25,4605.498046875,2013.966552734375,70866.96875,26279.673828125,4187.8115234375,1552.592041015625,6657.91845703125
2021-09-17,1184.551025390625,2374.56494140625,24288.404296875,4690.58984375,1997.6309814453125,71371.21875,25964.390625,4234.57568359375,1589.0350341796875,6619.5029296875
2021-09-21,1153.0369873046875,2379.38525390625,23728.8046875,4619.5341796875,1963.092041015625,69460.890625,24740.357421875,4290.884765625,1555.7337646484375,6408.216796875
2021-09-22,1127.08447265625,2383.241455078125,24151.68359375,4670.41357421875,1912.684814453125,68093.578125,24012.42578125,4255.57275390625,1531.5430908203125,6223.341796875
2021-09-24,1162.3060302734375,2506.6455078125,24514.150390625,4719.53857421875,1978.961181640625,68849.953125,24244.255859375,4335.74072265625,1564.8447265625,6355.39501953125
2021-09-27,1164.15966796875,2499.897216796875,25080.107421875,4752.8740234375,1958.8914794921875,67094.7578125,23409.681640625,4313.78955078125,1547.565673828125,6304.974609375
2021-09-28,1140.060791015625,2491.220458984375,25013.337890625,4687.08154296875,1930.4205322265625,65436.55859375,23567.322265625,4222.16943359375,1531.857421875,6204.1337890625
2021-09-29,1130.71630859375,2404.25,25143.697265625,4724.35791015625,1909.7745361328125,62440.12890625,22669.298828125,4203.08154296875,1543.4815673828125,6023.640625
2021-09-30,1134.4539794921875,2407.1484375,26224.736328125,4820.21142578125,1906.0206298828125,64971.0859375,22762.359375,4220.26025390625,1554.791259765625,5977.916015625
2021-10-01,1115.7642822265625,2335.6396484375,25124.62109375,4399.51953125,1878.8052978515625,63012.2578125,21845.724609375,3966.3955078125,1527.4593505859375,5850.36767578125
2021-10-04,1128.84716796875,2313.413818359375,24886.154296875,4367.568359375,1862.3822021484375,61703.14453125,21817.8046875,3953.03466796875,1505.781494140625,5612.1171875
2021-10-05,1097.0748291015625,2277.6591796875,23162.853515625,4299.22802734375,1806.54345703125,60830.39453125,21105.8984375,3992.16455078125,1481.277099609375,5465.31689453125
2021-10-06,1095.2061767578125,2246.736572265625,22444.279296875,4402.18212890625,1802.3203125,60811.0,21580.50390625,3987.39208984375,1483.4765625,5479.755859375
2021-10-07,1089.5989990234375,2260.26513671875,22724.080078125,4450.9970703125,1799.9742431640625,60345.53515625,21938.78125,3971.167724609375,1475.6221923828125,5549.54638671875
2021-10-08,1123.2403564453125,2292.154296875,23045.2109375,4494.48583984375,1841.2667236328125,62323.76171875,22297.0625,3983.574951171875,1482.5338134765625,5653.0283203125
2021-10-11,1134.4539794921875,2393.6201171875,23375.880859375,4539.7509765625,1875.05126953125,63952.88671875,22771.6640625,4008.387939453125,1484.4189453125,5732.44580078125
2021-10-12,1128.84716796875,2382.990234375,22609.615234375,4566.376953125,1855.81298828125,62857.10546875,22701.87109375,3883.365234375,1456.45849609375,5691.5341796875
2021-10-13,1123.2403564453125,2388.7880859375,22746.333984375,4525.55029296875,1874.5823974609375,62808.61328125,22664.646484375,3817.5126953125,1447.34765625,5679.50146484375
2021-10-14,1130.71630859375,2426.475341796875,23169.2109375,4584.12744140625,1937.928466796875,63332.265625,23022.921875,3844.235595703125,1457.08642578125,5850.36767578125
2021-10-15,1171.833251953125,2491.22021484375,23140.595703125,4573.47705078125,2011.5977783203125,65649.890625,23795.3203125,3827.05615234375,1456.7723388671875,5963.47705078125
2021-10-18,1173.701904296875,2450.6337890625,23363.1640625,4549.51318359375,1994.236328125,65184.4296875,23772.052734375,3808.92333984375,1424.099609375,5953.8505859375
2021-10-19,1169.9639892578125,2461.263427734375,23855.98828125,4646.25537109375,2013.9437255859375,66580.828125,24107.0703125,3886.227783203125,1445.4625244140625,6050.11328125
2021-10-20,1181.1778564453125,2477.691650390625,24005.423828125,4464.3095703125,2013.9437255859375,66338.390625,23944.216796875,3942.5361328125,1428.1837158203125,6074.1787109375
2021-10-21,1162.4881591796875,2447.735107421875,23290.033203125,4443.00927734375,1987.1981201171875,65213.51953125,23651.078125,3823.239013671875,1380.4310302734375,6016.4208984375
2021-10-22,1168.0950927734375,2476.72509765625,23140.595703125,4439.458984375,2016.7593994140625,65174.734375,23804.623046875,3810.83251953125,1385.45751953125,6059.73876953125
2021-10-25,1162.4881591796875,2525.0419921875,22256.685546875,4357.8056640625,2008.3134765625,64835.33203125,23520.794921875,3838.5087890625,1388.5992431640625,6038.080078125
2021-10-26,1175.57080078125,2591.71923828125,23379.060546875,4362.2431640625,2048.197998046875,64738.359375,23818.58203125,3958.7607421875,1380.116943359375,6059.73876953125
2021-10-27,1160.6195068359375,2532.77197265625,23811.4765625,4308.99072265625,2041.6285400390625,63778.3359375,23920.94921875,3937.7646484375,1405.878173828125,5884.06005859375
2021-10-28,1119.50244140625,2492.186279296875,23671.578125,4380.88134765625,1875.5205078125,63254.6875,22855.41796875,3963.53271484375,1425.0419921875,5963.47705078125
2021-10-29,1087.7301025390625,2539.536865234375,24008.603515625,4455.43408203125,1841.7359619140625,66435.3671875,23162.513671875,3980.7109375,1442.6348876953125,6050.11328125
2021-11-01,1061.56494140625,2676.757080078125,25022.876953125,4490.93603515625,1872.7052001953125,67734.78125,24162.904296875,4016.0234375,1470.281494140625,6237.8251953125
2021-11-02,1044.744384765625,2682.554931640625,25115.083984375,4435.0205078125,1947.31298828125,67152.953125,23748.787109375,3956.852294921875,1458.6573486328125,6283.55029296875
2021-11-04,1074.6475830078125,2704.780517578125,25188.208984375,4361.35546875,1961.39013671875,71739.703125,24162.904296875,4037.019287109375,1427.869384765625,6285.95703125
2021-11-05,1070.9097900390625,2714.4443359375,25445.751953125,4494.48583984375,1961.39013671875,72147.0,23525.447265625,4105.73486328125,1423.4713134765625,6302.80224609375
2021-11-08,1055.9580078125,2702.84814453125,24962.466796875,4372.005859375,1940.74365234375,70265.7265625,23776.708984375,4038.92822265625,1460.54248046875,6269.1103515625
2021-11-09,1039.1373291015625,2676.757080078125,24173.94140625,4388.86865234375,1922.9129638671875,69703.3046875,23483.572265625,4047.518310546875,1457.4010009765625,6218.5732421875
2021-11-10,1033.5306396484375,2652.5986328125,24075.373046875,4414.6083984375,1922.4437255859375,68520.265625,23404.46875,4048.47265625,1433.8388671875,6163.2216796875
2021-11-11,1024.1859130859375,2667.09326171875,24237.529296875,4433.24658203125,1906.0206298828125,68345.6953125,23623.15625,4051.3359375,1465.8831787109375,6134.3427734375
2021-11-12,1027.9237060546875,2698.016357421875,24208.916015625,4465.197265625,1967.490234375,68820.8515625,23655.728515625,4003.6162109375,1467.7681884765625,6264.2978515625
2021-11-15,1035.3992919921875,2724.107421875,24113.529296875,4455.43408203125,1975.4671630859375,69325.109375,23776.708984375,4020.795654296875,1461.799072265625,6319.64892578125
2021-11-16,1044.744384765625,2767.593017578125,24145.326171875,4542.4130859375,1967.490234375,70188.171875,23748.787109375,4101.91748046875,1459.2857666015625,6459.2294921875
2021-11-17,1014.84130859375,2749.232666015625,23843.267578125,4503.361328125,1928.5438232421875,70576.0703125,23260.2265625,4078.058349609375,1469.339111328125,6497.7333984375
2021-11-18,1007.3652954101562,2773.390625,23550.75390625,4570.8134765625,1956.228515625,71293.65625,23460.3046875,3996.935791015625,1503.2686767578125,6403.87841796875
2021-11-19,986.8067626953125,2772.42431640625,23455.37109375,4609.865234375,1933.705322265625,72379.7265625,23232.3125,3937.7646484375,1521.80419921875,6478.48193359375
2021-11-22,984.93798828125,2759.86181640625,23566.6484375,4565.4892578125,1916.3438720703125,72030.6484375,23455.650390625,3978.802978515625,1546.6231689453125,6418.31787109375
2021-11-24,969.9862060546875,2718.3095703125,23175.5703125,4482.060546875,1842.205322265625,70042.703125,22706.5234375,3862.368408203125,1551.9638671875,6259.48388671875
2021-11-25,964.3793334960938,2755.996826171875,23550.75390625,4493.59912109375,1844.0821533203125,69945.7421875,22739.091796875,3683.89990234375,1532.7999267578125,6273.923828125
2021-11-26,955.0345458984375,2702.84814453125,22774.94921875,4424.3701171875,1819.2127685546875,68791.7734375,22311.01953125,3606.59521484375,1526.2025146484375,6208.9462890625
2021-11-29,958.7724609375,2657.43017578125,22415.6640625,4556.61279296875,1804.6666259765625,68578.4296875,22003.923828125,3571.283447265625,1535.3131103515625,6127.12353515625
2021-11-30,956.9035034179688,2671.925537109375,21430.013671875,4446.5595703125,1763.843505859375,68200.2578125,21543.279296875,3441.48779296875,1535.62744140625,6257.07763671875
2021-12-01,975.5931396484375,2685.4541015625,21328.263671875,4497.14892578125,1776.04345703125,68326.3125,22506.4453125,3466.301513671875,1515.8353271484375,6295.5830078125
2021-12-02,971.8551635742188,2624.574462890625,21347.341796875,4588.5654296875,1778.8587646484375,68811.1796875,22734.439453125,3450.077392578125,1523.689208984375,6208.9462890625
2021-12-03,984.93798828125,2671.925537109375,21191.546875,4496.26171875,1806.0740966796875,68859.671875,23553.365234375,3498.75048828125,1532.48583984375,6247.451171875
2021-12-06,994.2825927734375,2643.901611328125,21560.373046875,4494.48583984375,1800.91259765625,68549.34375,23730.17578125,3502.56787109375,1507.03857421875,6192.10009765625
2021-12-07,1009.2341918945312,2702.84814453125,21576.267578125,4576.1396484375,1834.697509765625,69771.1875,24065.19140625,3517.83837890625,1514.264404296875,6336.49365234375
2021-12-08,1011.1030883789062,2757.9296875,21859.248046875,4737.67138671875,1840.7974853515625,70837.8828125,24535.142578125,3535.016845703125,1511.122802734375,6449.60302734375
2021-12-09,1011.1030883789062,2719.276123046875,21821.091796875,4758.97216796875,1850.1820068359375,70110.6015625,24493.267578125,3591.3251953125,1507.9810791015625,6418.31787109375
2021-12-10,996.1514282226562,2680.622314453125,21620.78125,4774.9482421875,1841.2667236328125,70178.4609375,24632.8515625,3535.016845703125,1502.9542236328125,6464.04296875
2021-12-13,996.1514282226562,2680.622314453125,22180.37890625,4758.97216796875,1876.458984375,70740.90625,25042.318359375,3497.79638671875,1534.3707275390625,6442.38427734375
2021-12-14,988.67578125,2657.43017578125,21576.267578125,4731.4580078125,1878.3358154296875,70546.9609375,24730.56640625,3461.52978515625,1560.4459228515625,6430.3505859375
2021-12-15,975.5931396484375,2705.74658203125,21290.109375,4739.4462890625,1866.605224609375,70052.4140625,24521.18359375,3520.701171875,1539.3974609375,6531.42626953125
2021-12-16,977.4620361328125,2713.47802734375,21929.197265625,4828.19970703125,1901.328369140625,71797.90625,25126.0703125,3567.465576171875,1551.9638671875,6625.28271484375
2021-12-17,951.2967529296875,2676.757080078125,21639.857421875,4697.7314453125,1817.804931640625,70197.8828125,24474.65234375,3574.146484375,1523.689208984375,6574.74462890625
2021-12-20,962.5104370117188,2597.517333984375,21162.927734375,4749.20947265625,1795.281982421875,69412.390625,23297.453125,3484.434814453125,1529.972412109375,6389.439453125
2021-12-21,996.1514282226562,2619.74267578125,21732.064453125,4925.82958984375,1816.3974609375,70828.171875,23562.671875,3541.697509765625,1556.9906005859375,6502.54833984375
2021-12-22,992.41357421875,2692.218505859375,21716.169921875,4844.17578125,1841.7359619140625,71196.671875,23567.322265625,3524.5185546875,1548.5079345703125,6444.7900390625
2021-12-23,984.93798828125,2747.2998046875,21684.37109375,4916.953125,1865.1973876953125,72243.96875,23809.27734375,3508.294189453125,1554.4771728515625,6516.98681640625
2021-12-24,983.0687255859375,2757.9296875,21474.521484375,4919.61572265625,1851.12060546875,71846.3828125,24046.578125,3464.392578125,1567.672119140625,6521.80029296875
2021-12-27,971.8551635742188,2776.28955078125,21099.341796875,4916.953125,1833.7587890625,70963.9453125,23962.826171875,3238.205078125,1558.8753662109375,6490.51513671875
2021-12-28,979.3311157226562,2840.06787109375,21029.390625,4886.77734375,1850.6512451171875,71390.6171875,24609.58984375,3374.681396484375,1595.946533203125,6589.18408203125
2021-12-29,992.41357421875,2817.842529296875,20879.955078125,4860.15087890625,1852.5283203125,69703.3046875,24390.90234375,3343.1865234375,1591.847900390625,6550.6796875
2021-12-30,992.41357421875,2797.54931640625,20765.4921875,4761.63427734375,1851.5897216796875,70091.1953125,24279.228515625,3287.832763671875,1576.0841064453125,6507.3603515625
2022-01-04,1011.1030883789062,2893.216552734375,20616.05078125,4826.4248046875,1883.966796875,71584.578125,24483.95703125,3334.597412109375,1601.3062744140625,6649.3486328125
2022-01-05,1009.2341918945312,2999.51416015625,20352.15234375,4734.12060546875,1841.2667236328125,71623.359375,24818.974609375,3408.0849609375,1600.67578125,6579.55810546875
2022-01-06,984.93798828125,2793.683837890625,19356.958984375,4709.26953125,1777.9202880859375,67783.2734375,24288.53515625,3367.04638671875,1565.049072265625,6430.3505859375
2022-01-07,979.3311157226562,2810.11181640625,19290.189453125,4774.9482421875,1760.5589599609375,65795.34375,24014.009765625,3332.688720703125,1537.9351806640625,6216.166015625
2022-01-11,977.4620361328125,2784.02001953125,18841.873046875,4777.6103515625,1726.774169921875,60607.359375,23967.48046875,3299.28515625,1515.5501708984375,5941.8173828125
2022-01-12,988.67578125,2806.24658203125,19172.546875,4756.3095703125,1788.243408203125,63623.1796875,24665.42578125,3318.373046875,1519.964111328125,6098.24365234375
2022-01-13,966.248291015625,2796.583251953125,18803.720703125,4679.98095703125,1750.235595703125,62265.58203125,24214.087890625,3242.97705078125,1520.909912109375,5953.8505859375
2022-01-14,966.248291015625,2742.46826171875,20320.35546875,4608.09130859375,1702.3740234375,60277.6484375,23544.05859375,3192.39501953125,1520.2794189453125,5872.02685546875
2022-01-17,990.544677734375,2751.1650390625,20698.720703125,4684.41943359375,1749.2972412109375,60316.44140625,23683.64453125,3191.440673828125,1526.9005126953125,5886.466796875
2022-01-18,979.3311157226562,2750.198974609375,21188.365234375,4740.33349609375,1769.943359375,61577.08203125,23469.609375,3193.349609375,1521.5406494140625,5872.02685546875
2022-01-19,941.9519653320312,2398.451171875,21140.671875,4729.68310546875,1729.5894775390625,60170.98828125,22725.134765625,3129.406005859375,1456.2777099609375,5619.33740234375
2022-01-20,968.1172485351562,2538.57080078125,21506.3203125,4861.92578125,1771.3509521484375,60064.31640625,23088.064453125,3137.9951171875,1490.64306640625,5600.0849609375
2022-01-21,971.8551635742188,2503.781982421875,21426.83203125,4855.7138671875,1754.9278564453125,58861.86328125,23046.193359375,3149.4482421875,1507.352783203125,5542.32763671875
2022-01-24,956.9035034179688,2480.590576171875,21678.01171875,4783.8232421875,1716.9202880859375,58231.55078125,23106.677734375,3301.1943359375,1517.757080078125,5311.2958984375
2022-01-25,919.5245361328125,2411.980224609375,21620.78125,4788.2607421875,1656.8583984375,57000.00390625,22608.8125,3213.391845703125,1524.693359375,5075.45263671875
2022-01-26,919.5245361328125,2439.03759765625,21499.958984375,4996.83154296875,1675.15869140625,55972.109375,22427.34375,3176.17041015625,1468.2584228515625,4914.21240234375
2022-01-27,866.2593994140625,2274.760009765625,20934.00390625,4977.30615234375,1580.373779296875,54653.2890625,21473.482421875,3061.644775390625,1365.7923583984375,4610.98486328125
2022-01-28,834.4871826171875,2364.630126953125,21649.396484375,4979.08056640625,1423.1807861328125,55603.61328125,22255.18359375,3120.816650390625,1391.6453857421875,4640.34521484375
2022-01-31,831.6837158203125,2458.364990234375,21299.6484375,4984.40576171875,1409.5732421875,56466.66796875,22171.431640625,3130.36083984375,1395.743896484375,4856.45458984375
2022-02-01,923.2623291015625,2468.027587890625,20879.955078125,5034.1083984375,1375.788330078125,57610.9296875,22227.267578125,3112.227294921875,1410.5621337890625,4822.76220703125
2022-02-02,953.1655883789062,2589.78662109375,20743.232421875,5124.63671875,1462.127197265625,61169.79296875,21966.701171875,3161.85498046875,1450.2872314453125,4952.71826171875
2022-02-03,971.8551635742188,2432.273193359375,19983.322265625,4983.5185546875,1490.281005859375,58241.25390625,21124.51171875,3134.177978515625,1406.4635009765625,4813.13671875
2022-02-04,973.7241821289062,2435.17236328125,20695.53515625,5163.68896484375,1524.0657958984375,58173.37109375,21166.38671875,3167.581298828125,1407.4090576171875,4829.9833984375
2022-02-07,949.4276733398438,2446.768310546875,20364.869140625,5191.2021484375,1512.335205078125,56980.6171875,20831.373046875,3101.729248046875,1388.807861328125,4803.99169921875
2022-02-08,951.2967529296875,2420.677734375,20396.6640625,5119.31201171875,1525.004150390625,56689.6953125,20919.77734375,3076.915283203125,1373.9896240234375,4827.576171875
2022-02-09,964.3793334960938,2431.30712890625,20584.25390625,5155.701171875,1532.51220703125,57698.203125,21008.1875,3116.999267578125,1392.9063720703125,4887.7412109375
2022-02-10,990.544677734375,2484.455322265625,20447.5390625,5153.03857421875,1554.0966796875,58532.16015625,20891.86328125,3183.805908203125,1406.7786865234375,4952.71826171875
2022-02-14,969.9862060546875,2414.87939453125,19814.8125,5125.52490234375,1501.5426025390625,55099.359375,20035.71484375,3164.71826171875,1325.12109375,4844.42236328125
2022-02-15,983.0687255859375,2359.797607421875,20021.482421875,5096.2353515625,1504.827392578125,55846.05078125,20012.44921875,3181.896728515625,1349.713134765625,4868.4873046875
2022-02-16,973.7241821289062,2383.956298828125,20485.69140625,5201.85302734375,1558.788818359375,55642.3984375,20435.873046875,3203.847412109375,1359.802001953125,4991.2236328125
2022-02-17,960.6414184570312,2350.134765625,20253.5859375,5215.166015625,1541.427490234375,53218.10546875,20254.404296875,3156.8876953125,1337.417236328125,4842.015625
2022-02-18,956.9035034179688,2333.706787109375,20457.076171875,5279.068359375,1537.204345703125,52335.66796875,20235.791015625,3133.886474609375,1351.6048583984375,4842.015625
2022-02-21,956.9035034179688,2297.952392578125,20479.33203125,5216.05322265625,1515.6195068359375,50910.18359375,19961.26953125,3167.429443359375,1373.0435791015625,4791.95947265625
2022-02-22,936.3450927734375,2237.0732421875,20145.48046875,5139.72607421875,1503.419677734375,50628.9609375,19682.08984375,3172.2216796875,1355.38818359375,4725.53857421875
2022-02-24,901.7694091796875,2213.881103515625,19376.03515625,5063.3974609375,1495.9117431640625,51016.8515625,18942.265625,3249.85009765625,1363.2701416015625,4673.07421875
2022-02-25,916.7210083007812,2282.490966796875,19724.205078125,5050.083984375,1566.296630859375,52830.21875,19463.3984375,3269.017333984375,1349.713134765625,4773.1875
2022-02-28,926.065673828125,2282.490966796875,19749.7578125,5149.48779296875,1554.56591796875,52151.42578125,19733.26953125,3305.435546875,1362.009033203125,4756.82373046875
2022-03-01,979.3311157226562,2275.7265625,20216.111328125,5158.36279296875,1593.9813232421875,52500.515625,20086.8984375,3331.3115234375,1367.68408203125,4849.2353515625
2022-03-02,966.248291015625,2239.971923828125,20203.333984375,5172.5634765625,1549.87353515625,51424.12890625,19333.115234375,3326.51953125,1331.4267578125,4834.79541015625
2022-03-03,958.7724609375,2271.861328125,19970.158203125,5265.75634765625,1539.0811767578125,52636.2734375,19649.51953125,3334.186767578125,1320.707275390625,4844.42236328125
2022-03-04,926.065673828125,2200.351806640625,19577.271484375,5216.05322265625,1492.1580810546875,52219.3046875,19244.708984375,3290.101806640625,1289.1795654296875,4704.35986328125
2022-03-07,892.4246215820312,2147.203125,19392.005859375,5078.48486328125,1444.296142578125,50231.3828125,18286.193359375,3271.892333984375,1254.813720703125,4411.24072265625
2022-03-08,888.6868286132812,2154.9345703125,18871.3515625,5006.59423828125,1422.711669921875,51230.1875,18607.251953125,3075.42578125,1264.58740234375,4401.13232421875
2022-03-09,883.079833984375,2114.347900390625,18746.77734375,5112.2109375,1501.5426025390625,51104.1328125,18942.265625,3085.967529296875,1248.508056640625,4221.12158203125
2022-03-10,924.1969604492188,2284.424072265625,19200.3515625,5200.96533203125,1549.404541015625,52655.67578125,19626.251953125,3168.387451171875,1268.0555419921875,4435.30517578125
2022-03-11,906.4417724609375,2226.443359375,18769.134765625,5205.4033203125,1532.0426025390625,49649.55078125,19174.916015625,3120.468994140625,1242.2027587890625,4246.630859375
2022-03-14,911.1141967773438,2199.385498046875,18504.017578125,5166.3515625,1564.4195556640625,49504.0859375,19002.75390625,3108.010009765625,1242.2027587890625,4188.39111328125
2022-03-15,903.638427734375,2223.544189453125,17663.9453125,5098.8984375,1555.50439453125,49019.234375,19221.44140625,3147.30322265625,1298.3223876953125,4195.611328125
2022-03-16,921.3934326171875,2284.424072265625,17897.12109375,5309.24462890625,1639.4969482421875,50725.93359375,19319.158203125,3160.720947265625,1308.7265625,4383.32421875
2022-03-17,926.065673828125,2371.39453125,19136.470703125,5409.53564453125,1655.920166015625,52737.09375,20631.29296875,3197.13916015625,1368.945068359375,4615.31640625
2022-03-18,951.2967529296875,2401.350830078125,19232.29296875,5408.6494140625,1642.3123779296875,53242.32421875,20808.109375,3243.14111328125,1356.6494140625,4667.7802734375
2022-03-22,934.47607421875,2429.37451171875,19372.841796875,5491.189453125,1671.404541015625,53329.76171875,21366.466796875,3095.551025390625,1336.78662109375,4613.87255859375
2022-03-23,973.7241821289062,2482.52294921875,20382.208984375,5670.47216796875,1726.774169921875,55758.69921875,21943.43359375,3159.762451171875,1362.9547119140625,4805.43505859375
2022-03-24,966.248291015625,2509.580322265625,20196.9453125,5742.3623046875,1714.57421875,56118.18359375,21789.884765625,3126.21923828125,1343.0921630859375,4765.9677734375
2022-03-25,969.9862060546875,2484.455322265625,20145.83984375,5838.216796875,1729.1201171875,54952.29296875,21450.21875,3114.71875,1362.3243408203125,4750.56591796875
2022-03-28,960.6414184570312,2458.364990234375,19784.890625,5863.955078125,1712.2279052734375,54893.9921875,20905.8203125,3071.591796875,1355.703369140625,4678.8505859375
2022-03-29,964.3793334960938,2502.816162109375,20155.419921875,5945.6083984375,1727.2432861328125,55370.0625,21203.611328125,3138.678466796875,1378.403564453125,4750.0849609375
2022-03-30,988.91357421875,2506.692138671875,20107.509765625,5724.3935546875,1774.9207763671875,55612.95703125,20969.8359375,3010.256103515625,1368.314453125,4737.52587890625
2022-03-31,971.9282836914062,2466.964599609375,20120.283203125,5591.1201171875,1738.572509765625,55622.6796875,20955.80859375,2944.128173828125,1374.304931640625,4708.5439453125
2022-04-01,966.2666015625,2428.20654296875,19890.30078125,5771.537109375,1738.1004638671875,56506.80859375,20913.7265625,2961.378662109375,1420.335693359375,4621.11669921875
2022-04-04,992.6878051757812,2451.461669921875,19564.494140625,5778.79052734375,1775.86474609375,56516.51953125,21039.970703125,2982.462890625,1414.66064453125,4661.2080078125
2022-04-05,990.800537109375,2464.057861328125,19966.962890625,5734.3662109375,1775.3927001953125,57099.46484375,20609.818359375,2951.795166015625,1414.9759521484375,4649.615234375
2022-04-06,985.1388549804688,2409.796142578125,19890.30078125,5753.4052734375,1777.7530517578125,56720.5546875,19885.107421875,2931.66943359375,1377.7728271484375,4557.35693359375
2022-04-07,968.15380859375,2334.2177734375,19222.716796875,5728.02001953125,1746.125244140625,55496.37109375,19160.39453125,2812.83056640625,1374.6202392578125,4411.96533203125
2022-04-08,977.5899658203125,2363.286376953125,19219.51953125,5785.13671875,1757.9268798828125,56118.18359375,19487.6875,2860.749267578125,1386.916015625,4424.5244140625
2022-04-11,958.7175903320312,2270.266357421875,18695.671875,5776.97802734375,1745.181396484375,54767.69140625,18935.96875,2837.74853515625,1365.476806640625,4267.05810546875
2022-04-12,947.394287109375,2210.19140625,18101.548828125,5791.4833984375,1742.3487548828125,52873.11328125,18346.8515625,2771.62109375,1382.186767578125,4089.303955078125
2022-04-13,979.4771728515625,2228.601318359375,18622.203125,5851.3193359375,1800.4114990234375,54427.640625,19080.9140625,2755.328369140625,1375.2508544921875,4231.314453125
2022-04-14,970.0410766601562,2229.570068359375,19021.48046875,5889.3984375,1795.2188720703125,54748.2578125,19160.39453125,2733.285400390625,1396.689697265625,4281.06640625
2022-04-15,962.4920654296875,2173.37060546875,20701.630859375,5883.95751953125,1792.858642578125,53601.796875,19151.046875,2693.03369140625,1370.2061767578125,4205.712890625
2022-04-18,947.394287109375,2158.836181640625,20442.900390625,5787.8564453125,1779.1693115234375,52834.26171875,18837.783203125,2648.948486328125,1389.753662109375,4178.66455078125
2022-04-19,954.943115234375,2185.96728515625,20091.53515625,5844.97412109375,1762.1751708984375,53203.45703125,18968.69921875,2606.7802734375,1396.3743896484375,4202.81591796875
2022-04-20,962.4920654296875,2215.0361328125,20593.0234375,5825.93408203125,1785.77783203125,52066.70703125,18931.296875,2622.114013671875,1402.364990234375,4214.8916015625
2022-04-21,971.9282836914062,2247.98046875,21161.59765625,5814.1484375,1794.2747802734375,52892.5546875,19459.630859375,2668.116455078125,1400.1578369140625,4332.74951171875
2022-04-22,970.0410766601562,2185.96728515625,20589.833984375,5758.8447265625,1794.2747802734375,51920.97265625,19202.4765625,2627.8642578125,1377.1424560546875,4327.91943359375
2022-04-25,958.7175903320312,2152.053955078125,19503.806640625,5707.16748046875,1765.9515380859375,49618.34375,18557.251953125,2615.405517578125,1397.3203125,4039.55224609375
2022-04-26,971.9282836914062,2145.270751953125,19561.298828125,5566.64111328125,1804.18798828125,49151.98828125,18889.21484375,2594.32080078125,1403.9412841796875,4043.416748046875
2022-04-27,968.15380859375,2128.798583984375,19478.25,5558.48193359375,1793.802734375,48889.65625,18599.333984375,2530.10986328125,1399.2119140625,4071.431640625
2022-04-28,953.055908203125,2174.339599609375,19216.326171875,5431.55517578125,1764.0633544921875,51347.7421875,18744.2734375,2558.861572265625,1427.2718505859375,4124.5654296875
2022-05-02,1005.8986206054688,2162.712158203125,19388.8125,5303.72216796875,1852.8095703125,50755.08203125,18215.9375,2506.150634765625,1422.5428466796875,4070.465576171875
2022-05-06,1032.320068359375,2153.022216796875,19586.85546875,5243.88525390625,1943.915771484375,50764.796875,18445.037109375,2436.189453125,1394.7979736328125,3973.861083984375
2022-05-09,1022.8837890625,2100.698974609375,18360.27734375,5097.01318359375,1895.766357421875,48811.9296875,17883.974609375,2337.476806640625,1330.4810791015625,3967.581298828125
2022-05-10,1009.6732177734375,2034.8099365234375,18532.767578125,5109.7060546875,1838.17578125,48967.3828125,18351.525390625,2435.23095703125,1347.821533203125,4016.36669921875
2022-05-11,998.3495483398438,2077.444091796875,18845.796875,5275.6171875,1807.9642333984375,48899.375,19080.9140625,2488.89990234375,1347.5059814453125,3992.69873046875
2022-05-12,971.9282836914062,2091.009033203125,17980.171875,5190.39453125,1734.7960205078125,47772.34375,19244.556640625,2366.22802734375,1373.9896240234375,3870.97607421875
2022-05-13,985.1388549804688,2151.084228515625,18775.52734375,5190.39453125,1809.8526611328125,49569.76171875,19146.373046875,2500.400634765625,1385.9703369140625,4003.808349609375
2022-05-16,1004.01123046875,2166.588134765625,19110.916015625,5107.89208984375,1807.020263671875,49870.95703125,19366.12109375,2490.81640625,1388.492431640625,3998.495361328125
2022-05-17,1004.01123046875,2178.21533203125,19238.6875,5191.30078125,1841.9521484375,49890.37890625,19235.205078125,2458.231689453125,1393.2216796875,4012.502685546875
2022-05-18,1007.785888671875,2242.166748046875,19174.80078125,5373.53173828125,1922.6734619140625,50279.015625,19137.01953125,2477.3994140625,1391.0147705078125,4026.510986328125
2022-05-19,985.1388549804688,2207.283935546875,18577.484375,5363.55859375,1860.3623046875,48831.36328125,18683.490234375,2403.6044921875,1378.71875,3923.6259765625
2022-05-20,971.9282836914062,2233.4462890625,19047.03125,5375.3447265625,1844.3125,47665.47265625,18445.037109375,2364.311279296875,1389.753662109375,3972.894775390625
2022-05-23,979.4771728515625,2218.911865234375,19308.95703125,5422.4892578125,1863.6666259765625,48092.96484375,18496.46875,2396.89599609375,1401.7342529296875,4060.322509765625
2022-05-24,962.4920654296875,2203.408447265625,19120.5,5416.142578125,1851.865234375,47364.28515625,18150.4765625,2361.435791015625,1389.438232421875,3962.751220703125
2022-05-25,970.0410766601562,2171.43310546875,19031.060546875,5185.861328125,1821.65380859375,47956.94921875,18183.208984375,2479.31640625,1388.17724609375,3947.29443359375
2022-05-26,966.2666015625,2183.060302734375,19107.72265625,5212.15380859375,1789.082275390625,47986.09375,18108.400390625,2440.022705078125,1383.7633056640625,3920.727783203125
2022-05-27,975.702880859375,2214.067138671875,19053.423828125,5140.5302734375,1797.579345703125,47655.75390625,18117.75,2443.8564453125,1383.1326904296875,3993.181884765625
2022-05-30,992.6878051757812,2324.52783203125,19676.291015625,5288.30908203125,1841.0081787109375,50172.1328125,19300.6640625,2460.148681640625,1418.4439697265625,4174.31689453125
2022-05-31,983.2517700195312,2347.782958984375,19788.08984375,5205.806640625,1826.3743896484375,50123.5546875,19342.7421875,2493.691650390625,1394.16748046875,4192.1884765625
2022-06-01,996.46240234375,2397.199951171875,19679.482421875,5296.46923828125,1848.0889892578125,50162.421875,19693.41015625,2503.275634765625,1402.0494384765625,4218.2724609375
2022-06-02,968.15380859375,2320.65234375,20171.39453125,5210.34033203125,1765.9515380859375,49560.04296875,19730.8125,2509.984130859375,1358.541015625,4215.37451171875
2022-06-03,981.3645629882812,2364.255126953125,21353.248046875,5203.08740234375,1819.29345703125,49822.375,19740.1640625,2513.817626953125,1357.27978515625,4222.13671875
2022-06-06,987.0263061523438,2340.03125,21944.173828125,5242.97900390625,1791.914794921875,49812.65234375,19693.41015625,2497.525146484375,1348.7672119140625,4196.5361328125
2022-06-07,1007.785888671875,2349.720947265625,21873.904296875,5298.28271484375,1793.802734375,50074.9765625,19861.728515625,2473.56591796875,1322.598876953125,4178.18115234375
2022-06-08,1000.23681640625,2392.355224609375,21880.291015625,5344.52001953125,1796.1630859375,49822.375,20581.763671875,2480.2744140625,1361.6934814453125,4308.11572265625
2022-06-09,1004.01123046875,2381.696533203125,22305.1171875,5430.6484375,1793.3306884765625,50142.9921875,20595.791015625,2442.897705078125,1358.2255859375,4297.005859375
2022-06-10,992.6878051757812,2350.690185546875,22097.49609375,5343.61328125,1740.4608154296875,48957.671875,20165.638671875,2382.520751953125,1325.7518310546875,4282.5146484375
2022-06-13,970.0410766601562,2234.4150390625,21452.263671875,5241.16455078125,1662.5718994140625,47024.23046875,19235.205078125,2377.728271484375,1323.5447998046875,4049.6953125
2022-06-14,958.7175903320312,2176.277587890625,21417.130859375,5190.39453125,1634.7208251953125,46742.48046875,19043.509765625,2373.894775390625,1326.0667724609375,4022.646240234375
2022-06-15,964.3793334960938,2153.991455078125,21445.880859375,5096.1064453125,1614.4224853515625,44935.34375,18594.65625,2329.8095703125,1318.184814453125,3981.5888671875
2022-06-16,973.8154296875,2186.93603515625,21755.71875,5120.5849609375,1609.22998046875,45178.2421875,18767.650390625,2388.270751953125,1313.4559326171875,3960.81884765625
2022-06-17,958.7175903320312,2173.37060546875,21873.904296875,5109.7060546875,1534.6455078125,44760.46484375,18482.4453125,2320.22607421875,1343.72265625,3902.855712890625
2022-06-20,943.6196899414062,2136.55029296875,22071.943359375,5095.19970703125,1502.0738525390625,44770.18359375,18734.923828125,2328.851318359375,1360.4326171875,3832.333740234375
2022-06-21,973.8154296875,2221.818359375,22040.0,5218.5,1557.3040771484375,45809.765625,19450.28125,2307.767333984375,1359.802001953125,3864.213623046875
2022-06-22,977.5899658203125,2203.408447265625,22199.7109375,5229.37939453125,1562.0245361328125,46042.94140625,19020.130859375,2290.51611328125,1384.07861328125,3797.555908203125
2022-06-23,975.702880859375,2179.1845703125,22614.95703125,5189.48828125,1560.1363525390625,44838.19140625,19272.609375,2320.22607421875,1409.3009033203125,3807.216552734375
2022-06-24,987.0263061523438,2180.1533203125,22499.966796875,5243.88525390625,1608.285888671875,44935.34375,19936.5390625,2371.978271484375,1464.7901611328125,4053.0771484375
2022-06-27,990.800537109375,2229.570068359375,22835.359375,5292.84228515625,1616.7828369140625,46013.796875,20432.14453125,2440.022705078125,1465.1053466796875,4173.35107421875
2022-06-28,1011.5602416992188,2247.98046875,22998.26171875,5385.3173828125,1617.726806640625,45994.3671875,20642.544921875,2467.815673828125,1446.5040283203125,4166.10546875
2022-06-29,1019.1092529296875,2225.6943359375,22851.328125,5346.3330078125,1640.8575439453125,45537.7265625,20441.498046875,2465.8994140625,1446.50390625,4084.956787109375
2022-06-30,994.5751342773438,2150.115478515625,22704.396484375,5320.04150390625,1601.677001953125,45061.65625,20338.63671875,2471.649169921875,1437.32275390625,4047.763916015625
2022-07-01,985.1388549804688,2094.885009765625,21797.244140625,5200.36767578125,1594.596435546875,44313.54296875,20254.474609375,2418.938720703125,1428.1414794921875,3941.015380859375
2022-07-04,1013.4474487304688,2138.48828125,21519.345703125,5294.65625,1621.9755859375,45110.234375,20595.791015625,2507.109130859375,1459.80078125,4058.39013671875
2022-07-05,1028.5457763671875,2152.053955078125,22452.052734375,5313.6953125,1656.4351806640625,45479.43359375,20642.544921875,2499.4423828125,1466.1326904296875,4145.3359375
2022-07-06,1013.4474487304688,2098.760986328125,21746.134765625,5324.57421875,1645.5782470703125,46606.453125,20156.2890625,2595.27978515625,1525.3349609375,4183.01171875
2022-07-07,1039.868896484375,2175.30859375,21720.576171875,5296.46923828125,1700.336181640625,47995.81640625,20722.03125,2633.6142578125,1530.083984375,4321.64013671875
2022-07-08,1037.981689453125,2159.805419921875,21803.630859375,5254.76513671875,1689.0069580078125,48219.27734375,20609.818359375,2626.90576171875,1519.00341796875,4345.791015625
2022-07-11,1037.981689453125,2205.345947265625,22008.060546875,5358.11865234375,1713.0816650390625,48831.36328125,20661.248046875,2638.406494140625,1544.33056640625,4401.33984375
2022-07-12,1020.9966430664062,2172.4013671875,21851.54296875,5380.7841796875,1680.510009765625,47364.28515625,20450.849609375,2598.155029296875,1554.46142578125,4264.16015625
2022-07-13,1007.785888671875,2168.52587890625,22071.943359375,5430.6484375,1666.8203125,48044.390625,20502.28125,2590.48779296875,1528.5009765625,4240.97412109375
2022-07-14,1004.01123046875,2171.43310546875,22400.9453125,5447.87451171875,1670.5968017578125,49715.5,20305.90625,2602.946533203125,1530.400634765625,4340.9609375
2022-07-15,1002.1241455078125,2171.43310546875,24349.41015625,5620.13232421875,1688.062744140625,50113.84375,20535.009765625,2618.2802734375,1546.2301025390625,4453.0234375
2022-07-19,996.46240234375,2221.818359375,24767.849609375,5479.6064453125,1671.5411376953125,50687.07421875,20904.375,2644.15673828125,1533.56640625,4497.94482421875
2022-07-20,1013.4474487304688,2313.869384765625,25409.880859375,5642.7978515625,1756.9825439453125,52805.10546875,21596.359375,2720.82666015625,1572.190673828125,4653.96240234375
2022-07-21,1028.5457763671875,2315.807861328125,25560.01171875,5590.2138671875,1794.2747802734375,52979.98828125,21998.455078125,2730.410400390625,1571.2408447265625,4561.220703125
2022-07-22,1037.981689453125,2330.342041015625,25620.705078125,5602.0,1824.4862060546875,54553.9453125,22264.95703125,2788.871337890625,1566.808349609375,4493.1142578125
2022-07-25,1017.2219848632812,2268.32861328125,25483.353515625,5518.5908203125,1791.914794921875,53242.32421875,21890.91796875,2772.5791015625,1548.446044921875,4402.30615234375
2022-07-26,1011.5602416992188,2273.173583984375,25460.990234375,5452.408203125,1786.721923828125,52688.51953125,21881.56640625,2746.702880859375,1551.295654296875,4333.23291015625
2022-07-27,1009.6732177734375,2259.607666015625,25100.048828125,5429.7421875,1776.808837890625,52280.453125,21750.64453125,2655.656982421875,1532.9332275390625,4424.5244140625
2022-07-28,998.3495483398438,2262.514892578125,25199.06640625,5440.62109375,1788.1380615234375,52397.046875,21414.015625,2633.6142578125,1527.5513916015625,4425.490234375
2022-07-29,923.8036499023438,2266.390625,25617.5078125,5413.4228515625,1748.013671875,50939.67578125,21741.30078125,2694.950927734375,1528.5009765625,4442.8798828125
2022-08-01,924.7473754882812,2193.718994140625,25560.01171875,5342.70654296875,1632.3604736328125,53213.16796875,22180.802734375,2748.61962890625,1524.701904296875,4561.70458984375
2022-08-02,909.6494140625,2176.277587890625,25745.275390625,5240.25927734375,1607.81396484375,52348.46875,21507.5234375,2809.95556640625,1512.6712646484375,4514.8505859375
2022-08-03,913.4238891601562,2219.880859375,26131.775390625,5140.5302734375,1649.3544921875,52620.51171875,22358.470703125,2764.912353515625,1499.691162109375,4614.35400390625
2022-08-04,919.0856323242188,2224.7255859375,26355.369140625,5161.38232421875,1643.2176513671875,53242.32421875,22353.794921875,2766.82861328125,1514.8876953125,4717.72216796875
2022-08-05,925.6909790039062,2264.45263671875,26703.537109375,5323.66748046875,1672.485107421875,54330.4765625,22451.982421875,2775.4541015625,1494.625732421875,4696.9521484375
2022-08-08,922.860107421875,2272.20458984375,26786.587890625,5232.099609375,1676.261474609375,53922.4140625,22437.958984375,2725.61865234375,1495.2589111328125,4717.72216796875
2022-08-09,945.5069580078125,2216.004638671875,27185.859375,5194.92822265625,1682.8702392578125,53951.56640625,22559.51953125,2724.660400390625,1500.0076904296875,4672.3173828125
2022-08-10,933.2398681640625,2172.4013671875,26441.61328125,5173.16943359375,1619.14306640625,52873.11328125,22451.982421875,2715.076416015625,1530.083984375,4626.91259765625
2022-08-12,945.5069580078125,2219.880859375,26955.876953125,5193.11474609375,1619.614990234375,55243.7578125,23129.9375,2742.869384765625,1533.56640625,4800.3193359375
2022-08-15,942.676025390625,2245.0732421875,27205.029296875,5239.35205078125,1604.9814453125,55846.140625,23653.595703125,2772.5791015625,1546.8631591796875,4793.5576171875
2022-08-16,924.7473754882812,2248.94921875,27383.8984375,5291.0302734375,1602.621337890625,55554.65625,23644.244140625,2783.12109375,1568.707763671875,4771.337890625
2022-08-17,940.788818359375,2317.745361328125,28150.51171875,5452.408203125,1604.037353515625,55622.6796875,24121.15234375,2808.03857421875,1571.2408447265625,4783.41357421875
2022-08-18,940.788818359375,2277.04931640625,27671.376953125,5502.271484375,1598.372802734375,54971.71484375,23920.103515625,2761.421142578125,1551.9288330078125,4751.5341796875
2022-08-19,937.0143432617188,2325.496826171875,27326.40625,5431.55517578125,1604.037353515625,55399.21484375,23887.376953125,2744.083984375,1554.144775390625,4738.00927734375
2022-08-22,938.9016723632812,2311.931640625,27217.802734375,5444.248046875,1604.9814453125,54670.53125,23503.978515625,2706.520263671875,1563.642578125,4738.97509765625
2022-08-23,931.3527221679688,2235.384033203125,27153.91796875,5385.3173828125,1600.260986328125,53038.28515625,23064.478515625,2645.84033203125,1550.0291748046875,4632.22607421875
2022-08-24,921.9164428710938,2204.37744140625,26901.578125,5244.79150390625,1569.1053466796875,52387.328125,22914.859375,2633.319091796875,1533.25,4602.27880859375
2022-08-25,922.860107421875,2208.253173828125,26831.306640625,5250.232421875,1613.9503173828125,52649.65625,23279.5546875,2608.276611328125,1535.1494140625,4492.14892578125
2022-08-26,919.0856323242188,2230.538818359375,27128.365234375,5225.75244140625,1587.04345703125,52620.51171875,23705.029296875,2600.571044921875,1552.2454833984375,4477.1748046875
2022-08-29,901.1568603515625,2188.8740234375,26368.14453125,5189.48828125,1535.1175537109375,50619.0625,22592.25,2511.959228515625,1537.049072265625,4317.77587890625
2022-08-30,954.943115234375,2194.687744140625,26554.17578125,5210.34033203125,1579.962646484375,51678.078125,22774.595703125,2575.5283203125,1559.843505859375,4425.0078125
2022-08-31,962.4920654296875,2157.867431640625,26284.75,5166.82275390625,1563.912841796875,51338.02734375,22896.162109375,2579.38134765625,1535.7825927734375,4503.7412109375
2022-09-01,942.676025390625,2131.70556640625,25903.07421875,5177.70263671875,1525.20458984375,50259.578125,22522.12109375,2520.62744140625,1523.118896484375,4351.10498046875
2022-09-02,935.1271362304688,2108.450927734375,26079.48046875,5137.81103515625,1515.291259765625,49832.0859375,22596.927734375,2488.8427734375,1496.525146484375,4356.41845703125
2022-09-05,932.2963256835938,2105.543701171875,25755.529296875,5116.0517578125,1535.1175537109375,49880.66796875,22812.0,2481.1376953125,1476.896484375,4406.65234375
2022-09-06,928.5218505859375,2088.102294921875,25874.203125,5174.98193359375,1523.3162841796875,50240.1484375,22470.685546875,2405.046630859375,1456.634765625,4396.9921875
2022-09-07,941.7325439453125,2039.65478515625,26095.51953125,5231.19287109375,1515.7630615234375,49909.8125,22564.1953125,2370.372802734375,1468.0321044921875,4327.43603515625
2022-09-08,962.4920654296875,2088.102294921875,26656.8125,5304.62841796875,1558.248291015625,52076.4296875,23377.744140625,2423.346923828125,1512.0382080078125,4467.51416015625
2022-09-09,962.4920654296875,2072.59912109375,26711.33984375,5283.77587890625,1557.77587890625,52406.76171875,23167.341796875,2429.1259765625,1506.0230712890625,4494.08056640625
2022-09-12,960.6049194335938,2085.19580078125,27323.955078125,5345.42626953125,1572.8818359375,53426.921875,23270.203125,2504.25390625,1523.435546875,4561.70458984375
2022-09-13,962.4920654296875,2086.16455078125,27295.08984375,5640.07861328125,1570.9935302734375,53456.0625,23265.52734375,2548.5595703125,1532.2999267578125,4593.1015625
2022-09-14,943.6196899414062,2010.5858154296875,26252.681640625,5563.015625,1535.1175537109375,50706.5078125,22624.974609375,2463.80029296875,1526.91796875,4414.8642578125
2022-09-15,947.394287109375,2028.9962158203125,26445.125,5657.3037109375,1538.4219970703125,50580.19921875,22667.05859375,2492.6953125,1512.6712646484375,4461.234375
2022-09-16,918.1420288085938,2017.36865234375,26098.724609375,5538.53662109375,1501.1297607421875,48826.3125,22531.466796875,2495.5849609375,1501.9073486328125,4421.1435546875
2022-09-20,919.0856323242188,2006.7100830078125,26297.583984375,5605.62646484375,1513.875244140625,49878.64453125,22531.466796875,2464.763916015625,1493.0428466796875,4436.11767578125
2022-09-21,911.5365600585938,1970.8587646484375,26332.86328125,5539.443359375,1493.57666015625,48952.98046875,21643.11328125,2425.2734375,1485.444580078125,4342.89306640625
2022-09-22,903.0440673828125,1951.4796142578125,26069.85546875,5559.388671875,1487.440185546875,48650.91796875,21404.66015625,2410.82568359375,1483.5450439453125,4365.11279296875
2022-09-26,889.8333740234375,1876.28857421875,25851.751953125,5393.47705078125,1446.8433837890625,48095.52734375,21100.75,2417.56787109375,1461.067138671875,4231.314453125
2022-09-27,884.1716918945312,1866.598876953125,26079.48046875,5501.36474609375,1460.533203125,48290.3984375,21161.533203125,2453.205322265625,1477.8463134765625,4295.07373046875
2022-09-28,879.4535522460938,1852.8397216796875,24976.12890625,5412.5166015625,1473.75048828125,48056.546875,21025.9375,2378.077880859375,1483.5450439453125,4259.32958984375
2022-09-29,892.8220825195312,1865.0933837890625,25518.181640625,5537.13134765625,1505.623291015625,47988.34375,21288.94140625,2400.23095703125,1501.5908203125,4174.46337890625
2022-09-30,883.2730712890625,1806.1588134765625,24604.0703125,5363.9521484375,1501.8173828125,46672.92578125,20941.404296875,2348.21923828125,1503.8070068359375,3942.65625
2022-10-03,889.9573974609375,1849.5330810546875,24478.978515625,5332.798828125,1510.3802490234375,47189.34375,21528.4609375,2321.25048828125,1488.2939453125,3976.6025390625
2022-10-04,918.6040649414062,1896.2138671875,24972.921875,5543.54541015625,1565.562744140625,48962.7265625,22218.833984375,2442.610595703125,1528.184326171875,4091.53662109375
2022-10-05,917.6492309570312,1898.93701171875,25203.857421875,5507.810546875,1560.8055419921875,50297.62890625,22495.92578125,2522.553955078125,1516.470458984375,4120.63330078125
2022-10-06,919.5588989257812,1930.4466552734375,25575.916015625,5549.04345703125,1563.18408203125,50843.28125,22397.30078125,2530.25927734375,1508.872314453125,4152.1552734375
2022-10-07,910.9649047851562,1923.83349609375,25624.029296875,5549.04345703125,1544.631591796875,50599.6875,21814.9375,2460.9111328125,1511.405029296875,4086.201416015625
2022-10-11,889.9573974609375,1845.0595703125,24632.935546875,5498.6474609375,1505.1473388671875,48192.96484375,21223.19140625,2374.22509765625,1441.755126953125,3704.544921875
2022-10-12,889.9573974609375,1818.2178955078125,25203.857421875,5520.63818359375,1516.5643310546875,47900.64453125,21166.833984375,2353.03515625,1446.820556640625,3741.4013671875
2022-10-13,888.0475463867188,1809.8543701171875,25235.9296875,5525.2197265625,1503.2445068359375,47549.875,20551.599609375,2337.624755859375,1438.9056396484375,3659.92919921875
2022-10-14,909.0551147460938,1887.65576171875,27356.033203125,5652.58447265625,1555.0970458984375,48436.55859375,21072.90625,2377.11474609375,1468.6654052734375,3752.070068359375
2022-10-17,905.235595703125,1876.179931640625,27006.41796875,5593.94189453125,1515.1373291015625,47043.19140625,20631.439453125,2317.397705078125,1455.68505859375,3669.143310546875
2022-10-18,920.5138549804688,1897.1865234375,27311.126953125,5603.10400390625,1544.15576171875,48076.03125,20969.583984375,2353.99853515625,1462.64990234375,3791.8359375
2022-10-19,928.15283203125,1907.106201171875,27619.041015625,5545.37841796875,1554.6214599609375,47588.84375,21044.7265625,2339.550537109375,1462.9666748046875,3769.043701171875
2022-10-20,924.3334350585938,1891.5460205078125,27016.04296875,5585.69482421875,1540.82568359375,46819.0859375,20894.4375,2344.366943359375,1468.0321044921875,3752.070068359375
2022-10-21,920.5138549804688,1863.343017578125,26852.466796875,5530.71826171875,1532.73876953125,46692.4140625,20349.654296875,2423.346923828125,1433.20703125,3753.52490234375
2022-10-24,922.423583984375,1869.9559326171875,26550.970703125,5497.7314453125,1545.1070556640625,47618.07421875,20546.90234375,2411.788818359375,1406.9300537109375,3862.638916015625
2022-10-25,930.062744140625,1904.383056640625,26634.359375,5483.98681640625,1562.2327880859375,49011.44921875,20575.08203125,2482.1005859375,1411.3623046875,4054.6796875
2022-10-26,946.2958374023438,1922.471923828125,26682.474609375,5563.70361328125,1607.9010009765625,49907.875,20556.296875,2572.638916015625,1444.2877197265625,3991.63623046875
2022-10-27,931.9724731445312,1919.748779296875,26919.8203125,5483.0703125,1591.2509765625,50677.640625,20725.37109375,2601.534423828125,1433.8404541015625,4056.13525390625
2022-10-28,934.8370971679688,1903.994140625,26380.97265625,5449.16796875,1641.2005615234375,50385.32421875,20556.296875,2651.619384765625,1439.222412109375,3984.846923828125
2022-10-31,940.5665283203125,1942.7001953125,26618.326171875,5561.87158203125,1629.307861328125,54877.23046875,21025.94140625,2607.31298828125,1434.7899169921875,3995.03076171875
2022-11-01,914.7844848632812,1954.7593994140625,26637.572265625,5566.45263671875,1642.627685546875,56767.53125,21148.048828125,2601.534423828125,1417.6942138671875,3947.990478515625
2022-11-02,898.5513916015625,2091.88427734375,26605.494140625,5561.87158203125,1671.1702880859375,56592.13671875,21335.904296875,2571.676025390625,1392.0501708984375,3886.88671875
2022-11-04,892.8220825195312,2081.1865234375,26493.236328125,5455.58154296875,1639.2978515625,54467.98828125,21082.296875,2526.406494140625,1378.4368896484375,3874.76318359375
2022-11-07,896.6416015625,2109.389892578125,26890.955078125,5608.60205078125,1667.840576171875,55510.57421875,21453.31640625,2674.73583984375,1410.7291259765625,3951.38525390625
2022-11-08,906.1903686523438,2178.438720703125,26781.900390625,5703.8955078125,1673.0733642578125,56163.41015625,21721.013671875,2683.40380859375,1556.04443359375,4014.91357421875
2022-11-09,909.0551147460938,2176.4931640625,26121.173828125,5298.8974609375,1659.277587890625,55851.609375,20598.56640625,2793.2060546875,1536.415771484375,4001.820068359375
2022-11-10,889.9573974609375,2143.427734375,25854.962890625,5274.1572265625,1636.9190673828125,55646.98828125,20377.83203125,2757.568359375,1571.5572509765625,3927.62255859375
2022-11-11,927.1980590820312,2262.07470703125,26361.734375,5276.90625,1713.984375,59154.765625,21843.12109375,2983.914306640625,1594.03515625,4204.044921875
2022-11-14,912.8746948242188,2255.26708984375,26765.86328125,5185.27734375,1708.7513427734375,58794.2421875,21871.302734375,3028.22021484375,1580.738525390625,4297.15625
2022-11-15,911.9197998046875,2254.29443359375,26637.572265625,5281.4873046875,1697.33447265625,58501.9296875,21556.634765625,3008.957275390625,1584.5377197265625,4364.56396484375
2022-11-16,917.6492309570312,2215.39404296875,26733.791015625,5328.21826171875,1725.8770751953125,58823.47265625,21298.3359375,3008.957275390625,1575.3563232421875,4341.2861328125
2022-11-17,921.46875,2177.465576171875,26448.33203125,5386.86083984375,1765.361083984375,58063.4609375,21105.779296875,2975.245849609375,1582.0047607421875,4268.05859375
2022-11-18,928.15283203125,2182.328369140625,26416.2578125,5424.42822265625,1770.1182861328125,57361.90234375,21162.13671875,3017.625732421875,1589.9195556640625,4221.50341796875
2022-11-21,929.1078491210938,2189.136474609375,26352.109375,5394.1904296875,1762.9825439453125,57254.7265625,21209.103515625,2994.50927734375,1610.8145751953125,4209.37939453125
2022-11-22,930.062744140625,2226.091796875,26117.96875,5437.25537109375,1762.031005859375,57751.65625,21298.3359375,2981.025146484375,1632.975830078125,4240.9013671875
2022-11-24,943.4312133789062,2273.745361328125,25842.130859375,5475.74072265625,1805.7965087890625,59106.046875,21805.55078125,3092.753173828125,1636.7750244140625,4295.2158203125
2022-11-25,942.4763793945312,2256.239990234375,25624.029296875,5460.16357421875,1791.0494384765625,58199.87109375,21429.833984375,3107.200927734375,1650.072021484375,4272.90771484375
2022-11-28,928.15283203125,2238.734130859375,25681.76171875,5411.60009765625,1788.6708984375,58004.9921875,21472.099609375,3111.05322265625,1635.1920166015625,4255.44970703125
2022-11-29,934.8370971679688,2211.50390625,26127.591796875,5376.78125,1785.341064453125,56942.921875,21190.314453125,3040.741943359375,1633.92578125,4182.22216796875
2022-11-30,927.1980590820312,2189.136474609375,25919.10546875,5400.6044921875,1756.7982177734375,55676.21875,21044.7265625,2998.36181640625,1609.231689453125,4138.57666015625
2022-12-01,921.46875,2202.751220703125,26550.970703125,5321.80419921875,1777.7293701171875,56894.19921875,21345.298828125,3117.795654296875,1627.593994140625,4249.6298828125
2022-12-02,922.423583984375,2174.54833984375,26095.51953125,5246.66748046875,1768.6910400390625,55393.6484375,21040.02734375,3121.64892578125,1636.1416015625,4173.4931640625
2022-12-05,905.235595703125,2167.740966796875,26906.99609375,5208.18408203125,1763.4583740234375,55023.3828125,21021.244140625,3151.5068359375,1629.493408203125,4135.6669921875
2022-12-06,904.2806396484375,2142.455078125,27455.458984375,5280.5703125,1763.4583740234375,54838.25390625,20833.38671875,3051.336669921875,1615.8802490234375,4079.411865234375
2022-12-07,900.4611206054688,2115.224609375,26935.857421875,5297.97998046875,1755.37109375,54467.98828125,20584.4765625,3033.99951171875,1628.8602294921875,4024.61279296875
2022-12-08,894.7318115234375,2074.379150390625,26820.392578125,5228.3427734375,1733.964111328125,54010.02734375,20579.779296875,3062.89501953125,1616.513427734375,3908.224365234375
2022-12-09,899.5062255859375,2122.03271484375,26993.59375,5237.5048828125,1759.65234375,55150.0546875,20664.31640625,3120.685546875,1640.8907470703125,3976.6025390625
2022-12-12,889.9573974609375,2115.224609375,26910.201171875,5208.18408203125,1759.65234375,54516.703125,20645.52734375,3088.900634765625,1644.373291015625,3998.91064453125
2022-12-13,890.9122314453125,2137.5927734375,27320.748046875,5215.51513671875,1752.041259765625,55179.28515625,21040.02734375,3081.1953125,1663.052001953125,3951.38525390625
2022-12-14,900.4611206054688,2168.713134765625,27339.99609375,5267.74267578125,1755.37109375,55919.8203125,21288.94140625,3085.0478515625,1680.148193359375,3932.47216796875
2022-12-15,899.5062255859375,2148.290771484375,27125.095703125,5239.337890625,1736.3428955078125,54896.71484375,21166.833984375,3049.410400390625,1656.4036865234375,3902.89013671875
2022-12-16,901.4159545898438,2111.334716796875,26172.494140625,5172.44873046875,1746.3326416015625,54097.72265625,20706.58203125,3010.883544921875,1661.7857666015625,3775.8330078125
2022-12-19,898.5513916015625,2089.939208984375,25883.828125,5123.8857421875,1699.7130126953125,53932.07421875,20100.7421875,3018.5888671875,1652.6044921875,3734.612060546875
2022-12-20,887.0926513671875,2013.110595703125,25402.716796875,5077.15478515625,1661.1806640625,52002.796875,19447.939453125,3069.63720703125,1648.4888916015625,3568.75830078125
2022-12-21,887.0926513671875,1981.017578125,25447.6171875,5076.23779296875,1664.9862060546875,50716.61328125,19602.923828125,3164.9912109375,1633.6090087890625,3495.0458984375
2022-12-22,891.8671875,1999.4951171875,25450.826171875,5157.7880859375,1695.9073486328125,50765.32421875,19405.669921875,3158.2490234375,1635.8253173828125,3461.09912109375
2022-12-23,888.0475463867188,1983.93505859375,25367.43359375,5144.0439453125,1707.800048828125,50044.2890625,19203.724609375,3166.917724609375,1613.6640625,3395.145751953125
2022-12-26,889.0025024414062,1989.77001953125,25874.203125,5146.7919921875,1697.8101806640625,50102.75390625,19471.419921875,3206.407958984375,1598.4674072265625,3366.048828125
2022-12-27,884.2279663085938,1975.182373046875,26406.638671875,5136.7138671875,1682.111572265625,50024.80078125,19321.134765625,3326.8046875,1606.065673828125,3396.11572265625
2022-12-28,882.3181762695312,1980.0447998046875,26114.7578125,5149.541015625,1678.30615234375,49956.5859375,19264.77734375,3309.467529296875,1633.6090087890625,3342.285888671875
2022-12-29,887.0926513671875,1967.40234375,25338.568359375,5138.54638671875,1694.0045166015625,50268.390625,19161.455078125,3263.235107421875,1627.2540283203125,3322.887939453125
2022-12-30,885.1829223632812,1951.8419189453125,25829.30078125,5068.908203125,1675.927490234375,50102.75390625,18973.59765625,3284.425048828125,1610.41259765625,3316.583740234375
2023-01-04,873.7242431640625,1977.12744140625,25508.5625,5027.6748046875,1664.9862060546875,49050.41796875,18715.296875,3350.884033203125,1532.2435302734375,3245.78076171875
2023-01-05,871.8143920898438,2019.918212890625,25547.048828125,5067.07568359375,1670.694580078125,49352.4765625,18818.6171875,3273.830078125,1517.30859375,3321.91796875
2023-01-06,869.9046630859375,2068.5439453125,25508.5625,5024.009765625,1654.5203857421875,50190.44921875,19020.5625,3258.41943359375,1525.8883056640625,3320.9482421875
2023-01-10,859.4009399414062,2086.049072265625,25758.73828125,5012.0986328125,1679.257568359375,50901.74609375,20034.990234375,3185.218017578125,1514.1312255859375,3359.744140625
2023-01-11,869.9046630859375,2158.988037109375,26124.3828125,5082.65234375,1760.1282958984375,53805.40625,20204.0625,3171.733642578125,1525.8883056640625,3435.882080078125
2023-01-12,868.9497680664062,2167.740966796875,25607.990234375,4991.0234375,1746.3326416015625,53727.45703125,20100.7421875,3186.18115234375,1539.234130859375,3523.65771484375
2023-01-13,856.5361328125,2132.730224609375,23571.279296875,4945.208984375,1738.72119140625,53668.9921875,19983.330078125,3167.881103515625,1524.934814453125,3520.26318359375
2023-01-16,854.6264038085938,2111.334716796875,23109.416015625,4959.86962890625,1707.800048828125,53493.60546875,19945.759765625,3195.81298828125,1524.6173095703125,3485.3466796875
2023-01-17,856.5361328125,2162.8779296875,23750.896484375,5030.423828125,1725.4014892578125,54760.296875,19767.298828125,3124.537841796875,1535.7388916015625,3501.350341796875
2023-01-18,868.9497680664062,2207.614013671875,24402.001953125,5138.54638671875,1754.419677734375,56182.89453125,20420.1015625,3028.22021484375,1551.944580078125,3592.521484375
2023-01-19,853.6714477539062,2213.448974609375,23972.212890625,5071.6572265625,1757.2740478515625,55939.3046875,20030.296875,3125.501220703125,1548.7669677734375,3509.59423828125
2023-01-20,853.6714477539062,2223.174072265625,24196.73046875,5048.75048828125,1742.05126953125,55344.93359375,20448.279296875,3143.80126953125,1521.439697265625,3498.925537109375
2023-01-23,850.806884765625,2227.064208984375,24841.416015625,5071.6572265625,1764.4095458984375,56884.453125,20856.869140625,3199.665771484375,1560.841796875,3557.6044921875
2023-01-24,866.085205078125,2269.85498046875,24796.513671875,5090.89892578125,1794.37939453125,57430.11328125,21288.94140625,3214.11328125,1564.01953125,3661.869140625
2023-01-25,880.4083251953125,2268.882080078125,24838.208984375,5107.392578125,1793.4281005859375,58404.4921875,21561.333984375,3286.351318359375,1566.5615234375,3464.978759765625
2023-01-26,886.1378784179688,2239.707275390625,24802.927734375,5163.2861328125,1779.6322021484375,57459.34375,21166.833984375,3234.33984375,1570.692626953125,3477.587646484375
2023-01-27,888.0475463867188,2262.07470703125,25184.611328125,5158.70458984375,1774.8753662109375,57868.5859375,21190.314453125,3277.6826171875,1556.7110595703125,3583.7919921875
2023-01-30,886.1378784179688,2256.239990234375,25251.966796875,5129.3837890625,1777.2537841796875,58492.19140625,21157.44140625,3300.798828125,1562.1129150390625,3535.296875
2023-01-31,892.8220825195312,2252.349365234375,25152.53515625,5154.12255859375,1761.07958984375,57761.3984375,21105.779296875,3294.056640625,1572.9169921875,3477.1025390625
2023-02-01,924.3334350585938,2230.9541015625,25014.61328125,5112.8896484375,1760.6038818359375,58053.7109375,21082.296875,3279.609130859375,1559.888671875,3473.222900390625
2023-02-02,921.46875,2234.844482421875,25646.48046875,5114.72314453125,1776.30224609375,59203.48828125,21223.19140625,3321.98876953125,1552.89794921875,3480.01220703125
2023-02-03,918.6040649414062,2372.94189453125,25854.962890625,5151.37451171875,1757.2740478515625,59807.60546875,21481.494140625,3298.87255859375,1567.197265625,3513.473876953125
2023-02-06,921.46875,2336.958740234375,26618.326171875,5150.45751953125,1753.46826171875,58920.91796875,21490.88671875,3302.72509765625,1581.496337890625,3564.393798828125
2023-02-07,918.6040649414062,2344.739013671875,26480.404296875,5153.20654296875,1702.5672607421875,59505.5390625,21561.333984375,3274.79296875,1603.10400390625,3576.03271484375
2023-02-08,925.2882080078125,2325.288330078125,26137.212890625,4765.61669921875,1718.2657470703125,58989.125,21598.90625,3239.15576171875,1595.16015625,3502.804931640625
2023-02-09,936.7469482421875,2323.343505859375,26140.421875,4837.0869140625,1729.2071533203125,59076.81640625,21561.333984375,3200.62890625,1617.4034423828125,3495.0458984375
2023-02-10,928.15283203125,2322.371337890625,26178.908203125,4862.7431640625,1717.7900390625,58774.75390625,21829.033203125,3189.0703125,1646.0018310546875,3446.06591796875
2023-02-13,923.3784790039062,2277.63525390625,25883.828125,4786.69140625,1715.4112548828125,57819.86328125,21537.849609375,3161.138916015625,1609.777099609375,3425.697998046875
2023-02-14,932.9273681640625,2291.250244140625,26153.24609375,4881.98583984375,1713.5086669921875,58589.625,21969.92578125,3155.359619140625,1645.3663330078125,3422.7880859375
2023-02-15,927.1980590820312,2276.662841796875,26268.71875,4889.3154296875,1697.33447265625,57985.5078125,21692.833984375,3102.384765625,1615.17919921875,3383.022216796875
2023-02-16,917.6492309570312,2287.360107421875,26724.171875,5037.7548828125,1710.1787109375,59047.5859375,21767.978515625,3106.23779296875,1632.6558837890625,3453.340087890625
2023-02-17,910.9649047851562,2232.8994140625,26586.251953125,4999.26953125,1683.5389404296875,57361.90234375,21683.443359375,3094.6796875,1604.69287109375,3406.78466796875
2023-02-20,912.8746948242188,2225.119140625,26515.68359375,5006.60009765625,1665.9376220703125,56757.78515625,21932.353515625,3098.5322265625,1607.5528564453125,3361.68408203125
2023-02-21,909.0551147460938,2207.614013671875,26153.24609375,4958.95361328125,1661.6563720703125,56368.03125,22153.0859375,3071.563232421875,1594.8424072265625,3335.49658203125
2023-02-22,918.6040649414062,2162.8779296875,25675.345703125,4867.3251953125,1643.1033935546875,55471.6015625,22035.67578125,3012.81005859375,1580.5430908203125,3286.5166015625
2023-02-24,921.46875,2208.58642578125,25720.248046875,4853.580078125,1657.3748779296875,56484.95703125,21946.44140625,3017.625732421875,1588.1693115234375,3327.252685546875
2023-02-27,914.7844848632812,2217.33935546875,25845.923828125,4762.8681640625,1658.3262939453125,56903.94140625,22002.798828125,2949.240234375,1586.898193359375,3316.583740234375
2023-02-28,931.0176391601562,2223.174072265625,26005.439453125,4695.0625,1666.8890380859375,57381.38671875,21927.65625,2966.577392578125,1602.4686279296875,3344.225830078125
2023-03-01,921.46875,2224.146728515625,25715.419921875,4693.22998046875,1658.3262939453125,57712.6875,21913.564453125,2908.786865234375,1585.627197265625,3338.406494140625
2023-03-02,925.2882080078125,2213.448974609375,26247.125,4706.0576171875,1703.04296875,57449.59765625,21782.068359375,2879.891357421875,1590.0758056640625,3283.121826171875
2023-03-03,920.5138549804688,2245.542236328125,27262.20703125,4726.2158203125,1749.66259765625,58346.03125,21974.62109375,2895.302490234375,1622.4876708984375,3330.647216796875
2023-03-06,933.8822631835938,2302.920654296875,27702.076171875,4744.5419921875,1744.4296875,59388.62109375,22289.27734375,2982.951171875,1624.7119140625,3377.687744140625
2023-03-07,941.5214233398438,2332.096435546875,27996.93359375,4743.62548828125,1740.6241455078125,59486.0625,22608.638671875,2959.8349609375,1601.5152587890625,3369.92822265625
2023-03-08,945.3410034179688,2345.71142578125,28504.474609375,4726.2158203125,1761.07958984375,59602.984375,22566.373046875,3006.06787109375,1612.3192138671875,3372.35302734375
2023-03-09,977.8071899414062,2338.90380859375,28262.7890625,4789.4404296875,1763.4583740234375,60012.2265625,22528.802734375,3030.146728515625,1631.7027587890625,3400.48046875
2023-03-10,973.9876708984375,2275.690185546875,27779.41796875,4717.0537109375,1747.7598876953125,58628.59765625,22176.568359375,2994.50927734375,1612.9547119140625,3309.3095703125
2023-03-13,962.5289916992188,2257.212158203125,27890.59375,4699.6435546875,1732.0614013671875,58726.03515625,21857.208984375,3089.86376953125,1610.73046875,3277.787353515625
2023-03-14,941.5214233398438,2194.97119140625,27474.890625,4641.001953125,1698.761474609375,57478.828125,21406.34765625,3075.416015625,1623.4407958984375,3197.285400390625
2023-03-15,943.4312133789062,2201.778564453125,27010.85546875,4656.578125,1690.198974609375,56923.4296875,21364.083984375,3066.74755859375,1614.8612060546875,3112.4189453125
2023-03-16,936.7469482421875,2185.24609375,26803.005859375,4650.1640625,1703.5186767578125,57761.3984375,20960.19140625,3125.501220703125,1658.7122802734375,3054.22509765625
2023-03-17,948.2056274414062,2262.07470703125,27054.357421875,4713.38818359375,1746.3326416015625,59109.4609375,21232.5859375,3124.537841796875,1696.208251953125,3117.2685546875
2023-03-20,926.2431640625,2248.45947265625,26483.978515625,4611.68017578125,1724.9259033203125,58855.47265625,20875.65625,3138.98583984375,1653.3104248046875,3179.8271484375
2023-03-22,946.2958374023438,2281.52490234375,26943.1796875,4654.74560546875,1726.3529052734375,61307.37890625,21603.603515625,3145.72802734375,1661.254150390625,3299.6103515625
2023-03-23,944.3860473632812,2252.349365234375,26730.498046875,4651.08056640625,1686.393310546875,60310.98828125,21519.068359375,3197.739013671875,1674.2825927734375,3310.76416015625
2023-03-24,939.6116333007812,2255.26708984375,26459.80859375,4634.587890625,1673.5489501953125,60828.71875,21556.634765625,3138.022216796875,1685.72216796875,3335.49658203125
2023-03-27,954.8898315429688,2227.064208984375,26725.662109375,4668.49072265625,1670.2191162109375,60594.26953125,21650.56640625,3146.691162109375,1696.208251953125,3290.396240234375
2023-03-28,953.9349365234375,2203.723876953125,27044.689453125,4657.49462890625,1672.121826171875,61043.625,21561.333984375,3111.05322265625,1705.740966796875,3257.419677734375
2023-03-29,973.9876708984375,2235.816650390625,27412.05078125,4745.45849609375,1676.4031982421875,61854.4140625,22007.494140625,3135.1328125,1750.5452880859375,3329.67724609375
2023-03-30,978.8141479492188,2290.468017578125,27745.580078125,4767.04541015625,1696.9989013671875,61815.34765625,22324.044921875,3142.486083984375,1742.2835693359375,3328.21484375
2023-03-31,984.60595703125,2339.263671875,27919.591796875,4815.85205078125,1708.4942626953125,62958.26171875,22352.3984375,3082.500244140625,1728.9373779296875,3336.501220703125
2023-04-03,994.2589721679688,2348.046875,28678.490234375,4855.2724609375,1748.2490234375,62206.09375,22068.916015625,3143.45361328125,1707.6475830078125,3348.68701171875
2023-04-04,996.1895141601562,2345.119140625,28973.345703125,5079.5927734375,1750.643798828125,61893.4921875,22347.669921875,3156.998779296875,1715.9090576171875,3370.134521484375
2023-04-05,990.3977661132812,2305.10693359375,28417.46875,4922.849609375,1719.5106201171875,60584.5078125,21733.46484375,3101.850830078125,1693.9837646484375,3276.059326171875
2023-04-06,980.7447509765625,2255.335205078125,28117.775390625,4927.54296875,1643.8328857421875,58083.765625,20797.98046875,3088.30517578125,1688.899658203125,3212.205078125
2023-04-07,978.8141479492188,2266.070556640625,28098.44140625,4878.73681640625,1640.001220703125,58396.35546875,20925.548828125,3061.21484375,1675.23583984375,3238.52685546875
2023-04-10,984.60595703125,2278.75732421875,28552.8125,5073.9609375,1637.6063232421875,58435.4296875,20845.228515625,3072.8251953125,1682.2265625,3238.039306640625
2023-04-11,984.60595703125,2312.914306640625,28804.1640625,5080.53125,1673.050537109375,58572.18359375,20911.375,3121.200927734375,1676.1893310546875,3283.370849609375
2023-04-12,990.3977661132812,2341.21533203125,28649.484375,5130.2763671875,1678.3192138671875,58855.47265625,21242.099609375,3215.049560546875,1705.740966796875,3297.01904296875
2023-04-13,988.4671630859375,2322.673095703125,29263.369140625,5048.61962890625,1685.503662109375,60320.7578125,21511.40625,3226.659912109375,1709.55419921875,3273.134765625
2023-04-14,992.328369140625,2363.6611328125,31747.904296875,5131.21435546875,1705.1416015625,60574.73828125,21638.97265625,3259.554931640625,1709.55419921875,3280.4462890625
2023-04-17,998.1202392578125,2368.540771484375,30887.5,5121.8291015625,1719.9896240234375,60721.265625,21780.7109375,3250.847900390625,1709.2364501953125,3295.0693359375
2023-04-18,1000.0507202148438,2379.276123046875,31051.849609375,5218.5029296875,1734.8380126953125,60945.9453125,22050.015625,3327.28125,1733.7039794921875,3312.616943359375
2023-04-19,990.3977661132812,2402.697998046875,31032.51171875,5201.60791015625,1722.3846435546875,60066.7734375,21946.072265625,3349.5341796875,1717.81591796875,3258.024169921875
2023-04-20,990.3977661132812,2405.626220703125,31467.548828125,5177.20458984375,1743.938232421875,61082.69921875,21955.521484375,3383.397216796875,1718.7691650390625,3232.67724609375
2023-04-21,984.60595703125,2398.794677734375,30906.8359375,5180.958984375,1734.8380126953125,60897.1015625,22116.1640625,3406.61767578125,1735.2928466796875,3193.1953125
2023-04-24,984.60595703125,2397.818603515625,30810.162109375,5247.5986328125,1739.627685546875,60887.33203125,22229.5546875,3370.8193359375,1735.6103515625,3228.778076171875
2023-04-25,986.5365600585938,2402.697998046875,30906.8359375,5302.03662109375,1751.6019287109375,61395.296875,22234.279296875,3378.559326171875,1730.8441162109375,3258.511474609375
2023-04-26,974.9529418945312,2369.51708984375,30665.150390625,5272.9404296875,1745.854248046875,60184.00390625,22243.728515625,3321.4765625,1742.9189453125,3197.094482421875
2023-04-27,990.3977661132812,2453.44580078125,30723.154296875,5282.32568359375,1743.938232421875,60604.046875,22522.484375,3328.249267578125,1727.666259765625,3187.83349609375
2023-04-28,1005.8425903320312,2504.193115234375,30945.50390625,5369.61328125,1730.048095703125,59685.8046875,23264.255859375,3360.176513671875,1740.05908203125,3267.77294921875
2023-05-01,1148.70703125,2458.325439453125,31032.51171875,5341.4560546875,1797.5831298828125,61385.52734375,23769.794921875,3379.527099609375,1774.69482421875,3320.416015625
2023-05-02,1156.4293212890625,2456.373291015625,30906.8359375,5343.3330078125,1762.6182861328125,61942.3359375,23916.26171875,3338.8916015625,1769.61083984375,3320.416015625
2023-05-08,1148.70703125,2409.529541015625,29940.091796875,5386.50830078125,1724.779296875,62225.625,24261.162109375,3341.794189453125,1752.76953125,3298.968994140625
2023-05-09,1160.2906494140625,2466.132568359375,29843.41796875,5378.06103515625,1741.54345703125,63075.48828125,24440.697265625,3374.689208984375,1674.2825927734375,3387.195068359375
2023-05-10,1183.457763671875,2443.6865234375,30017.431640625,5373.36767578125,1712.3260498046875,62626.140625,24147.7734375,3529.491943359375,1644.73095703125,3350.63720703125
2023-05-11,1193.11083984375,2450.517822265625,30104.4375,5285.1416015625,1708.0152587890625,62323.3046875,24076.896484375,3561.419677734375,1659.66552734375,3361.847900390625
2023-05-12,1195.0413818359375,2494.43408203125,30587.810546875,5404.34130859375,1722.3846435546875,64003.49609375,24147.7734375,3683.32666015625,1699.7034912109375,3390.606689453125
2023-05-15,1195.0413818359375,2512.97607421875,30887.5,5443.76123046875,1745.854248046875,64687.29296875,24837.572265625,3653.333740234375,1730.208740234375,3389.14453125
2023-05-16,1214.34716796875,2502.2412109375,31196.861328125,5487.875,1755.4337158203125,65673.921875,24809.22265625,3666.87841796875,1716.2271728515625,3427.652099609375
2023-05-17,1220.1390380859375,2516.8798828125,31892.916015625,5561.083984375,1740.5855712890625,65625.078125,25239.166015625,3694.9365234375,1726.7132568359375,3479.320556640625
2023-05-18,1237.5146484375,2677.905517578125,32250.609375,5671.83642578125,1765.4920654296875,66953.6015625,25787.228515625,3652.365966796875,1718.4515380859375,3558.284912109375
2023-05-19,1222.06982421875,2652.53173828125,32956.3359375,5609.8896484375,1732.922119140625,67656.921875,25862.82421875,3603.02294921875,1702.5634765625,3593.38037109375
2023-05-22,1224.0003662109375,2656.435546875,32936.99609375,5687.79248046875,1761.6602783203125,68252.8125,26344.740234375,3566.25732421875,1720.040283203125,3618.72705078125
2023-05-23,1243.3065185546875,2598.85693359375,33159.3515625,5620.21435546875,1778.42431640625,67598.328125,25895.8984375,3552.712158203125,1721.3111572265625,3614.827392578125
2023-05-24,1249.0982666015625,2573.482666015625,32192.60546875,5565.77783203125,1763.5760498046875,66826.609375,25678.55859375,3515.946533203125,1692.7127685546875,3534.887939453125
2023-05-25,1235.583984375,2590.073486328125,32057.263671875,5515.09326171875,1734.35888671875,67451.796875,25546.26953125,3448.220458984375,1652.6748046875,3517.34033203125
2023-05-26,1249.0982666015625,2608.61572265625,32008.92578125,5577.978515625,1727.653076171875,67344.34375,25328.935546875,3405.64990234375,1673.96484375,3455.92333984375
2023-05-29,1243.3065185546875,2591.04931640625,31950.921875,5546.06689453125,1725.2584228515625,67061.0546875,25276.962890625,3382.4296875,1645.048583984375,3458.360595703125
2023-05-30,1251.02880859375,2606.663818359375,32202.275390625,5622.091796875,1712.80517578125,67578.78125,25229.716796875,3328.249267578125,1646.9549560546875,3460.797607421875
2023-05-31,1264.5428466796875,2568.603515625,31593.224609375,5571.40869140625,1697.4779052734375,66230.7265625,25097.427734375,3288.580810546875,1686.9930419921875,3382.807861328125
2023-06-01,1283.84912109375,2617.39892578125,31641.560546875,5588.302734375,1808.12060546875,66846.140625,25815.576171875,3383.397216796875,1702.5634765625,3399.380859375
2023-06-02,1312.807861328125,2644.724365234375,31796.240234375,5678.40625,1803.330810546875,68409.109375,26694.365234375,3402.747314453125,1752.76953125,3592.89306640625
2023-06-05,1322.26806640625,2705.231201171875,33024.00390625,5709.37890625,1847.396240234375,70226.0546875,27322.748046875,3325.346435546875,1757.8538818359375,3607.028564453125
2023-06-06,1344.4697265625,2708.1591796875,33594.38671875,5744.10693359375,1856.4967041015625,69356.6484375,27913.328125,3327.28125,1783.5924072265625,3607.028564453125
2023-06-07,1328.0599365234375,2655.459228515625,32878.9921875,5681.22216796875,1839.25390625,67793.703125,26684.916015625,3352.436767578125,1732.7508544921875,3558.284912109375
2023-06-08,1308.753662109375,2611.543701171875,32608.3046875,5615.52197265625,1802.851806640625,65439.47265625,26288.041015625,3264.39306640625,1710.507568359375,3505.154541015625
2023-06-09,1338.48486328125,2667.17041015625,34106.76171875,5723.45849609375,1818.17919921875,66826.609375,27294.400390625,3350.501953125,1721.9468994140625,3536.837646484375
2023-06-12,1333.658447265625,2694.495849609375,33633.0625,5749.73876953125,1828.2374267578125,68389.5703125,27204.626953125,3365.98193359375,1747.3675537109375,3620.6767578125
2023-06-13,1343.6976318359375,2716.942138671875,34609.46484375,5801.36083984375,1859.849609375,68809.6171875,27596.7734375,3363.0791015625,1738.152587890625,3649.923095703125
2023-06-14,1359.33544921875,2739.38818359375,35711.5625,5778.83447265625,1883.79833984375,68985.4609375,27762.134765625,3326.313720703125,1728.3018798828125,3698.17919921875
2023-06-15,1357.0186767578125,2722.797607421875,35353.859375,5842.6572265625,1828.2374267578125,69327.34375,27946.400390625,3309.865966796875,1712.0960693359375,3779.09375
2023-06-16,1339.6431884765625,2686.68896484375,35972.578125,5881.1396484375,1816.7421875,69346.8984375,27979.47265625,3336.956298828125,1725.760009765625,3843.92236328125
2023-06-19,1338.48486328125,2668.146484375,35460.20703125,5849.2275390625,1810.0364990234375,68467.71875,27903.87890625,3265.3603515625,1741.9656982421875,3907.289306640625
2023-06-20,1316.862060546875,2680.83349609375,35788.890625,5858.61376953125,1772.6766357421875,68203.96875,27729.06640625,3212.14697265625,1699.3856201171875,3870.731689453125
2023-06-21,1334.0445556640625,2629.10986328125,35972.578125,5830.45654296875,1767.8868408203125,68252.8125,27847.185546875,3238.27001953125,1701.292236328125,3911.188720703125
2023-06-22,1331.534912109375,2595.9287109375,35672.88671875,5929.94580078125,1791.3564453125,67236.890625,27700.716796875,3210.212158203125,1728.619873046875,3818.08837890625
2023-06-23,1308.3675537109375,2545.181396484375,34822.15234375,5847.3505859375,1776.9873046875,66367.4921875,27039.265625,3140.551025390625,1697.161376953125,3748.385009765625
2023-06-26,1302.7689208984375,2535.42236328125,34599.80859375,5902.72705078125,1751.6019287109375,66289.328125,26992.017578125,3123.135498046875,1712.0960693359375,3739.611083984375
2023-06-27,1313.96630859375,2504.193115234375,34561.1328125,5999.40087890625,1742.0223388671875,65410.1796875,27119.583984375,3103.785400390625,1695.572509765625,3696.229736328125
2023-06-28,1329.604248046875,2568.603515625,35121.83984375,6119.53857421875,1769.802734375,67246.65625,27488.107421875,3154.096435546875,1706.3763427734375,3817.11376953125
2023-06-29,1340.9945068359375,2547.13330078125,34947.83203125,6177.72998046875,1795.6673583984375,66934.0625,27662.921875,3140.551025390625,1711.7987060546875,3848.3095703125
2023-06-30,1344.662841796875,2530.542724609375,35498.87109375,6140.1875,1781.2982177734375,66279.5625,27653.47265625,3116.363037109375,1703.505859375,3823.937744140625
2023-07-03,1364.161865234375,2601.784423828125,35663.22265625,6182.42333984375,1788.0037841796875,68008.5859375,29519.71484375,3125.07080078125,1733.4869384765625,3850.74658203125
2023-07-04,1356.6326904296875,2575.43505859375,35411.8671875,6118.60009765625,1757.8284912109375,66885.21875,28763.771484375,3089.272705078125,1731.892333984375,3821.988037109375
2023-07-05,1351.80615234375,2597.880615234375,34512.7890625,6112.02978515625,1749.68603515625,66826.609375,29028.349609375,3082.500244140625,1736.99560546875,3815.6513671875
2023-07-06,1355.8603515625,2565.675537109375,33671.72265625,5926.19140625,1766.4500732421875,65478.54296875,28059.79296875,3095.077880859375,1718.177490234375,3727.425537109375
2023-07-07,1340.222412109375,2538.349853515625,33410.70703125,5960.9189453125,1748.7279052734375,64443.08203125,27507.005859375,3063.14990234375,1721.3670654296875,3665.52099609375
2023-07-10,1322.07470703125,2504.193115234375,33497.7109375,5917.74462890625,1725.2584228515625,63876.5078125,27162.107421875,3134.74609375,1701.2733154296875,3637.7373046875
2023-07-11,1309.9119873046875,2473.939697265625,33478.375,5872.6923828125,1734.35888671875,64267.25,27114.859375,3185.056396484375,1723.2808837890625,3642.611572265625
2023-07-12,1291.76416015625,2430.02392578125,33700.73046875,5913.0517578125,1738.190673828125,63837.4296875,26812.484375,3321.4765625,1706.37646484375,3590.4560546875
2023-07-13,1313.0008544921875,2539.326171875,34271.109375,6029.43505859375,1765.9710693359375,65058.49609375,26930.595703125,3335.98876953125,1701.59228515625,3682.09375
2023-07-14,1314.3524169921875,2512.000244140625,33555.71875,5996.58544921875,1773.634521484375,65156.1875,26930.595703125,3351.468994140625,1699.3597412109375,3721.576171875
2023-07-18,1330.9556884765625,2576.41064453125,33120.68359375,5969.3662109375,1765.9710693359375,65957.203125,26977.84375,3321.4765625,1690.4290771484375,3791.766845703125
2023-07-19,1339.25732421875,2587.145751953125,33584.71875,6037.8828125,1763.0972900390625,66435.8671875,27294.400390625,3290.515380859375,1685.325927734375,3838.560546875
2023-07-20,1313.0008544921875,2552.012939453125,33024.00390625,6031.3125,1733.880126953125,64980.34375,26902.25,3255.68505859375,1662.680419921875,3794.2041015625
2023-07-21,1317.2484130859375,2559.8203125,32733.98046875,6023.8037109375,1744.896240234375,64755.67578125,26902.25,3278.9052734375,1668.4215087890625,4188.05322265625
2023-07-24,1329.218017578125,2589.09765625,33478.375,6111.09130859375,1760.2232666015625,65126.88671875,26902.25,3299.223388671875,1670.335205078125,4212.91162109375
2023-07-25,1326.129150390625,2567.627197265625,33053.0078125,6047.2685546875,1765.9710693359375,64697.06640625,27318.01953125,3287.61328125,1663.956298828125,4075.9423828125
2023-07-26,1332.5001220703125,2568.603515625,33101.3515625,5913.0517578125,1780.340087890625,64736.1328125,27053.439453125,3285.677978515625,1680.22265625,4051.0830078125
2023-07-27,1331.534912109375,2578.362548828125,33749.0625,5984.38330078125,1804.2886962890625,65009.65234375,27058.16015625,3343.72900390625,1692.3426513671875,4095.439697265625
2023-07-28,1313.5802001953125,2545.181396484375,33710.390625,5963.73486328125,1733.4010009765625,65126.88671875,26987.294921875,3393.072265625,1672.5677490234375,4094.465087890625
2023-07-31,1386.7498779296875,2598.85693359375,34377.44921875,6053.83837890625,1761.181396484375,62284.234375,27110.13671875,3377.59228515625,1679.903564453125,4120.298828125
2023-08-01,1385.205322265625,2631.06201171875,34735.14453125,6062.28515625,1737.711669921875,60096.08203125,27247.150390625,3366.948974609375,1678.3089599609375,4124.19873046875
2023-08-02,1366.6717529296875,2583.241943359375,33381.703125,5964.67333984375,1728.611083984375,60604.046875,26647.119140625,3323.411376953125,1649.603759765625,3980.40478515625
2023-08-03,1350.45458984375,2524.68701171875,33004.66796875,5966.55029296875,1737.711669921875,60350.06640625,26283.3203125,3253.750244140625,1671.611083984375,3832.22412109375
2023-08-04,1368.023193359375,2522.735595703125,32898.3359375,5792.9130859375,1735.7958984375,60115.61328125,26236.07421875,3242.14013671875,1682.7742919921875,3851.721435546875
2023-08-07,1376.9036865234375,2520.783447265625,32666.314453125,5849.2275390625,1763.0972900390625,59558.8125,26330.564453125,3274.068115234375,1824.387451171875,3854.646240234375
2023-08-08,1372.2703857421875,2532.494384765625,32820.9921875,5780.71142578125,1770.7607421875,59041.078125,26680.189453125,3293.41845703125,1853.73095703125,3862.44482421875
2023-08-09,1366.6717529296875,2534.446533203125,32753.314453125,5767.57080078125,1739.627685546875,58611.2578125,23642.228515625,3150.22607421875,1862.3426513671875,3842.94775390625
2023-08-10,1389.452880859375,2452.4697265625,33352.69921875,5867.06103515625,1732.4429931640625,59080.1484375,23972.95703125,3142.486083984375,1879.2467041015625,3882.91748046875
2023-08-14,1360.4937744140625,2376.348388671875,32472.9609375,5864.24560546875,1727.1741943359375,58083.765625,23698.923828125,3090.240478515625,1873.1866455078125,3785.917724609375
2023-08-15,1402.194580078125,2385.1318359375,33024.00390625,5907.42041015625,1737.711669921875,58406.125,23320.951171875,3070.89013671875,1844.8001708984375,3795.178955078125
2023-08-16,1409.337890625,2344.14306640625,32405.28515625,5905.54296875,1697.9569091796875,58054.45703125,22711.46875,3086.370361328125,1829.4908447265625,3681.606201171875
2023-08-17,1428.0648193359375,2367.565185546875,31921.91796875,5800.42138671875,1699.393798828125,58064.22265625,22985.501953125,3064.117431640625,1818.32763671875,3573.395263671875
2023-08-18,1408.372802734375,2345.119140625,31554.556640625,5738.47509765625,1681.672119140625,58494.03515625,22583.90625,3144.4208984375,1820.56005859375,3618.239501953125
2023-08-21,1431.346923828125,2342.191650390625,31970.25390625,5751.61572265625,1689.3353271484375,57839.546875,22087.81640625,3118.2978515625,1832.9990234375,3596.304931640625
2023-08-22,1440.61376953125,2354.878173828125,31892.916015625,5780.71142578125,1728.611083984375,58542.87890625,22111.439453125,3091.207763671875,1843.5244140625,3616.777099609375
2023-08-23,1442.1580810546875,2351.950439453125,32144.267578125,5829.517578125,1720.947509765625,59715.10546875,22720.919921875,3129.908203125,1833.9560546875,3613.365234375
2023-08-24,1446.791748046875,2345.119140625,32472.9609375,5767.57080078125,1723.3424072265625,60105.84765625,22820.138671875,3185.056396484375,1834.593994140625,3615.31494140625
2023-08-25,1448.529052734375,2314.865966796875,31486.8828125,5709.37890625,1718.552734375,58992.23828125,22527.20703125,3166.674072265625,1806.2073974609375,3584.119140625
2023-08-28,1450.2666015625,2342.191650390625,31989.58984375,5795.72900390625,1746.812255859375,60203.53515625,23472.142578125,3193.764404296875,1818.0084228515625,3629.45068359375
2023-08-29,1457.60302734375,2332.432373046875,32124.935546875,5792.9130859375,1726.21630859375,59314.59375,23883.185546875,3200.536865234375,1833.9560546875,3632.862548828125
2023-08-30,1459.147216796875,2349.02294921875,32081.212890625,5837.0263671875,1731.006103515625,59627.1875,23783.970703125,3215.049560546875,1834.9127197265625,3707.4404296875
2023-08-31,1483.859130859375,2370.49267578125,32528.130859375,5882.078125,1743.938232421875,59119.22265625,23835.939453125,3216.017333984375,1853.73095703125,3720.11376953125
2023-09-01,1500.269287109375,2446.6142578125,32382.3984375,5883.01708984375,1759.265380859375,59197.375,24166.66796875,3216.98486328125,1857.5582275390625,3713.289794921875
2023-09-04,1515.52099609375,2442.710693359375,32877.90234375,5882.078125,1773.155517578125,58816.40234375,24246.98828125,3224.72509765625,1854.6878662109375,3694.76708984375
2023-09-05,1530.00048828125,2435.87939453125,32868.1796875,5888.6484375,1786.5667724609375,59099.69140625,24313.130859375,3389.202392578125,1830.7666015625,3730.837158203125
2023-09-06,1548.1480712890625,2476.867431640625,33140.22265625,5934.638671875,1804.7677001953125,59314.59375,24686.380859375,3416.29248046875,1835.8697509765625,3772.26953125
2023-09-07,1556.2564697265625,2465.156494140625,33179.0859375,5976.87451171875,1801.414794921875,58513.578125,24261.162109375,3398.877197265625,1814.819091796875,3600.69189453125
2023-09-08,1556.2564697265625,2415.385009765625,32761.314453125,5967.4892578125,1773.155517578125,57614.875,23760.34765625,3384.364990234375,1806.2073974609375,3585.58154296875
2023-09-11,1561.85546875,2432.951171875,32605.859375,5978.751953125,1755.91259765625,56159.35546875,23514.662109375,3360.176513671875,1808.12109375,3577.782470703125
2023-09-12,1588.4976806640625,2462.228759765625,32984.7734375,5977.8134765625,1773.634521484375,56804.0859375,23646.953125,3348.56689453125,1813.5433349609375,3603.61669921875
2023-09-13,1567.647216796875,2429.0478515625,33149.9375,5921.49853515625,1761.181396484375,55876.06640625,23472.142578125,3334.0537109375,1783.881103515625,3554.385498046875
2023-09-14,1603.3631591796875,2468.084228515625,34131.22265625,5963.73486328125,1777.9454345703125,56520.796875,23491.04296875,3381.462158203125,1790.260009765625,3607.028564453125
2023-09-15,1625.565185546875,2523.71142578125,34160.37109375,5948.7177734375,1792.79345703125,57439.03515625,23646.953125,3410.48779296875,1794.7252197265625,3621.651611328125
2023-09-19,1621.7041015625,2499.313232421875,33752.3125,6054.77734375,1788.0037841796875,56420.5078125,23543.009765625,3343.72900390625,1755.8134765625,3574.3701171875
2023-09-20,1609.15478515625,2459.30126953125,33713.4453125,5881.1396484375,1754.95458984375,56841.6328125,23273.70703125,3290.515380859375,1717.858642578125,3490.0439453125
2023-09-21,1587.91845703125,2404.64990234375,33344.25,5775.08056640625,1747.77001953125,55010.24609375,23349.298828125,3283.742919921875,1703.505859375,3372.57177734375
2023-09-22,1565.9095458984375,2381.22802734375,33052.78125,5773.20263671875,1740.5855712890625,54647.87890625,22947.705078125,3270.197998046875,1722.961669921875,3429.601806640625
2023-09-25,1579.616943359375,2418.312744140625,33033.3515625,5841.71923828125,1762.13916015625,54285.5234375,22971.326171875,3305.028564453125,1729.978759765625,3426.67724609375
2023-09-26,1568.6124267578125,2394.890869140625,32703.01953125,5875.5078125,1742.5013427734375,53541.2109375,22702.01953125,3282.775390625,1729.3408203125,3472.009033203125
2023-09-27,1583.8642578125,2421.240234375,32207.517578125,5842.6572265625,1753.0386962890625,54569.53125,22404.365234375,3280.8408203125,1726.1512451171875,3385.2451171875
2023-09-28,1596.505615234375,2393.826416015625,31605.14453125,5849.31396484375,1734.70751953125,54226.7578125,22266.654296875,3248.770751953125,1698.40283203125,3345.562744140625
2023-09-29,1606.618408203125,2396.763671875,31663.439453125,5923.4755859375,1698.0452880859375,54354.07421875,22295.1484375,3247.799072265625,1687.55859375,3395.532958984375
2023-10-02,1589.6986083984375,2389.91015625,31546.84765625,5828.39599609375,1694.18603515625,54373.66015625,22461.349609375,3109.80126953125,1665.2320556640625,3377.406494140625
2023-10-03,1526.6864013671875,2400.679443359375,31070.783203125,5856.919921875,1680.6788330078125,53580.38671875,21948.494140625,3079.675537109375,1669.6973876953125,3348.991943359375
2023-10-04,1437.4189453125,2371.307373046875,30468.40625,5807.478515625,1658.488525390625,53658.734375,21929.498046875,3022.3388671875,1677.35205078125,3343.60302734375
2023-10-05,1457.64501953125,2412.4287109375,30847.322265625,5913.9677734375,1686.9500732421875,54246.34765625,22133.693359375,3066.070068359375,1703.505859375,3366.138671875
2023-10-06,1488.7623291015625,2400.679443359375,30653.005859375,5937.73779296875,1687.4324951171875,53903.57421875,21867.76171875,3023.310302734375,1691.06689453125,3331.84521484375
2023-10-10,1535.6326904296875,2468.2353515625,31750.87890625,6000.49072265625,1710.587646484375,54540.15234375,22143.189453125,3064.12646484375,1674.481689453125,3346.052490234375
2023-10-11,1523.380126953125,2487.81689453125,32392.1171875,5998.58837890625,1683.0908203125,54070.0625,22485.09375,3082.591064453125,1664.9130859375,3355.8505859375
2023-10-12,1573.1676025390625,2566.142578125,32790.4609375,6037.57177734375,1677.7843017578125,55970.0078125,22565.822265625,3104.942626953125,1656.3013916015625,3430.806396484375
2023-10-13,1536.021484375,2516.2099609375,34675.30078125,5891.14892578125,1660.900390625,56126.703125,21962.736328125,3034.971923828125,1635.56982421875,3425.9072265625
2023-10-16,1491.2904052734375,2469.214599609375,34014.62890625,5894.9521484375,1645.4638671875,54716.4375,21207.6953125,3029.14111328125,1616.432861328125,3358.7900390625
2023-10-17,1507.4324951171875,2507.3984375,34296.390625,5821.74072265625,1665.2421875,55588.0546875,21848.771484375,3047.60546875,1624.7254638671875,3406.310791015625
2023-10-18,1510.933349609375,2500.544921875,34306.10546875,5809.3798828125,1669.1011962890625,55627.234375,21715.806640625,3036.91552734375,1623.1307373046875,3383.285400390625
2023-10-19,1513.4615478515625,2475.089111328125,33383.12109375,5792.265625,1655.5941162109375,54167.9921875,21274.177734375,3061.210693359375,1621.8551025390625,3328.906005859375
2023-10-20,1485.0670166015625,2458.445068359375,32877.90234375,5800.8232421875,1642.0869140625,53502.0390625,20908.52734375,3034.971923828125,1611.6485595703125,3281.875
2023-10-23,1466.9801025390625,2435.92626953125,32362.96875,5768.49609375,1633.40380859375,52219.0859375,20509.63671875,3007.76123046875,1616.751953125,3282.36474609375
2023-10-24,1463.4794921875,2459.424072265625,32926.48046875,5781.806640625,1633.88623046875,52013.42578125,20324.435546875,3043.71826171875,1618.027587890625,2936.981689453125
2023-10-25,1454.5335693359375,2467.2568359375,33043.0625,5875.93603515625,1644.4989013671875,52189.70703125,20571.369140625,3094.25244140625,1621.8551025390625,2856.1474609375
2023-10-26,1414.0810546875,2397.742919921875,32197.8046875,5815.08447265625,1617.0020751953125,51278.91015625,20120.244140625,3107.85791015625,1623.1307373046875,2759.146240234375
2023-10-27,1466.2025146484375,2373.26611328125,32411.544921875,5914.91845703125,1810.9266357421875,51954.65625,20371.92578125,3156.44873046875,1634.931884765625,2756.69677734375
2023-10-30,1455.5057373046875,2392.84765625,31964.626953125,5816.03515625,1836.0113525390625,56126.703125,20229.46484375,3139.927734375,1609.7349853515625,2713.5849609375
2023-10-31,1401.2452392578125,2432.989013671875,32081.212890625,5914.91845703125,1873.1561279296875,56949.36328125,20542.876953125,3189.490234375,1633.3372802734375,2655.776123046875
2023-11-01,1367.7943115234375,2505.4404296875,32848.75390625,5999.53955078125,1893.4168701171875,58183.34375,21155.458984375,3233.2216796875,1658.5343017578125,2710.6455078125
2023-11-02,1393.4659423828125,2516.2099609375,33208.234375,6044.22705078125,1872.673828125,59329.1875,21269.4296875,3209.898681640625,1676.7142333984375,2778.25244140625
2023-11-06,1478.8438720703125,2562.2265625,33732.8828125,6115.53662109375,1907.888916015625,60876.5625,21929.498046875,3176.8564453125,1691.704833984375,2818.4248046875
2023-11-07,1417.1927490234375,2575.933349609375,33421.9765625,6070.849609375,1865.437744140625,59250.83984375,21525.859375,3154.5048828125,1658.5343017578125,2801.278076171875
2023-11-08,1457.64501953125,2613.13818359375,33830.0390625,6440.71044921875,1883.2864990234375,59201.87109375,21449.876953125,3129.23779296875,1508.3092041015625,2792.4599609375
2023-11-09,1514.8231201171875,2592.57763671875,34801.60546875,6799.16162109375,1894.8642578125,58878.69140625,22304.64453125,3167.138916015625,1561.892578125,2811.076171875
2023-11-10,1512.6837158203125,2539.707763671875,34568.43359375,6523.4296875,1899.6881103515625,58624.0546875,21972.236328125,3112.717041015625,1559.9788818359375,2779.232177734375
2023-11-13,1490.707275390625,2478.026611328125,34480.984375,6668.90185546875,1877.015380859375,58261.69140625,22000.728515625,2891.143798828125,1540.842041015625,2762.085693359375
2023-11-14,1500.43115234375,2465.29833984375,34617.00390625,6663.197265625,1880.87451171875,58535.91015625,21815.53125,2892.115478515625,1529.35986328125,2752.28759765625
2023-11-15,1537.1883544921875,2588.661376953125,35850.90234375,6649.8857421875,1911.748046875,60494.61328125,22356.880859375,3049.54931640625,1545.3072509765625,2831.162109375
2023-11-16,1569.2779541015625,2585.723876953125,35802.3203125,6705.9833984375,1936.8328857421875,61748.18359375,22508.837890625,2965.001220703125,1506.7144775390625,2824.79345703125
2023-11-17,1589.6986083984375,2562.2265625,35656.58203125,6604.248046875,1990.3790283203125,61806.9453125,22551.578125,2917.382568359375,1520.4293212890625,2841.93994140625
2023-11-20,1607.0074462890625,2531.87548828125,35773.171875,6465.43115234375,1987.4847412109375,60994.08984375,22651.302734375,3034.971923828125,1509.5848388671875,2836.06103515625
2023-11-21,1620.8157958984375,2525.02197265625,35510.85546875,6509.16796875,1993.2734375,61415.203125,22470.849609375,3195.321044921875,1509.5848388671875,2851.73828125
2023-11-22,1572.7786865234375,2548.51953125,35957.76953125,6579.52685546875,1985.5550537109375,62139.92578125,22461.349609375,3279.86865234375,1518.196533203125,2832.6318359375
2023-11-24,1565.5826416015625,2516.2099609375,35967.484375,6516.7734375,2038.1368408203125,61875.50390625,21934.244140625,3266.263427734375,1553.9189453125,2846.34912109375
2023-11-27,1558.970458984375,2508.377685546875,35986.921875,6521.5283203125,2042.9605712890625,60690.48828125,21573.345703125,3275.009521484375,1544.031494140625,2827.242919921875
2023-11-28,1535.6326904296875,2511.314697265625,36550.4296875,6488.25048828125,2022.21728515625,60406.4765625,21255.1796875,3327.48779296875,1529.35986328125,2779.232177734375
2023-11-29,1541.6614990234375,2493.691650390625,36326.97265625,6490.1513671875,2024.1470947265625,61150.78125,21069.98046875,3381.908935546875,1526.8082275390625,2758.65625
2023-11-30,1602.5343017578125,2510.335693359375,36424.12890625,6571.92041015625,2037.6544189453125,62041.99609375,21041.490234375,3315.82568359375,1519.1534423828125,2745.428955078125
2023-12-01,1625.288818359375,2490.754638671875,36045.21484375,6569.06787109375,2035.7244873046875,61366.2421875,20851.54296875,3260.4326171875,1519.1534423828125,2719.463623046875
2023-12-04,1601.1729736328125,2457.46630859375,36064.6484375,6478.7421875,2040.0662841796875,60925.53125,20485.890625,3325.5439453125,1530.635498046875,2696.92822265625
2023-12-05,1543.2171630859375,2473.131103515625,35199.9453125,6477.79150390625,2029.935546875,59583.8203125,20419.41015625,3361.501220703125,1520.1102294921875,2656.265869140625
2023-12-06,1597.8668212890625,2571.038330078125,35909.1953125,6536.74072265625,2100.3662109375,61062.640625,20789.810546875,3545.174072265625,1540.52294921875,2704.7666015625
2023-12-07,1595.7276611328125,2528.93798828125,35170.80078125,6524.380859375,2077.693359375,59691.546875,19944.5390625,3498.52685546875,1555.5137939453125,2660.18505859375
2023-12-08,1584.44775390625,2500.544921875,34150.66015625,6463.52978515625,2080.587890625,58682.8203125,19973.033203125,3538.37109375,1570.8231201171875,2640.09912109375
2023-12-11,1619.4544677734375,2548.51953125,34442.12890625,6551.0029296875,2095.542236328125,59593.609375,20376.673828125,3507.273193359375,1570.504150390625,2695.45849609375
2023-12-12,1603.3123779296875,2553.414794921875,34665.58984375,6603.29736328125,2146.676513671875,59701.3359375,20609.357421875,3469.37255859375,1565.401123046875,2701.33740234375
2023-12-13,1613.6199951171875,2565.16357421875,34238.09765625,6585.2314453125,2068.04541015625,59750.30859375,20970.2578125,3408.148193359375,1554.5567626953125,2710.155517578125
2023-12-14,1594.1717529296875,2537.749755859375,34451.84375,6521.5283203125,2042.4781494140625,59133.3125,20438.404296875,3521.8505859375,1559.0220947265625,2683.700927734375
2023-12-15,1581.3358154296875,2617.054443359375,34568.43359375,6444.513671875,2000.5096435546875,61209.54296875,21212.4453125,3628.749755859375,1557.4273681640625,2737.59033203125
2023-12-18,1575.69580078125,2560.268310546875,34160.37109375,6477.79150390625,2013.0517578125,60582.76171875,20989.25390625,3527.680908203125,1555.8326416015625,2706.236328125
2023-12-19,1596.1165771484375,2571.038330078125,34908.48046875,6594.7392578125,2039.583740234375,61297.6875,21122.21875,3556.83544921875,1572.09912109375,2737.1005859375
2023-12-20,1591.448974609375,2575.933349609375,36278.390625,6622.3125,1995.203125,61287.88671875,21777.537109375,3565.58203125,1574.969482421875,2756.69677734375
2023-12-21,1584.44775390625,2560.268310546875,34859.90234375,6604.248046875,2008.22802734375,61160.578125,21411.888671875,3565.58203125,1584.85693359375,2728.281982421875
2023-12-22,1584.836669921875,2542.6455078125,34597.578125,6604.248046875,2014.9813232421875,60739.45703125,21221.939453125,3585.01806640625,1603.35595703125,2713.094970703125
2023-12-25,1598.83935546875,2569.079833984375,34811.328125,6592.83740234375,2026.0765380859375,60759.04296875,21231.4375,3610.28515625,1606.8643798828125,2697.908203125
2023-12-26,1617.1207275390625,2574.95458984375,34675.30078125,6643.23046875,2030.9007568359375,60954.91015625,21264.677734375,3615.144287109375,1610.053955078125,2679.781494140625
2023-12-27,1633.6517333984375,2612.159423828125,34772.46484375,6775.390625,2052.60888671875,61532.73046875,21673.06640625,3699.692138671875,1628.8719482421875,2745.428955078125
2023-12-28,1619.260009765625,2619.0126953125,34519.8515625,6782.046875,2053.091064453125,61336.859375,21739.548828125,3678.312255859375,1630.472900390625,2813.03564453125
2023-12-29,1623.9273681640625,2625.865966796875,33995.203125,6996.92724609375,2052.60888671875,60837.38671875,21829.7734375,3669.565673828125,1632.394287109375,2790.010009765625
2024-01-04,1647.2655029296875,2564.1845703125,33567.71484375,6822.93212890625,2069.010009765625,59338.98046875,21844.021484375,3526.70947265625,1656.08935546875,2803.237548828125
2024-01-05,1623.53857421875,2578.87060546875,33519.13671875,6867.61865234375,2048.749267578125,58888.4765625,21606.5859375,3401.345458984375,1641.03955078125,2790.5
2024-01-09,1662.823974609375,2612.159423828125,33480.27734375,7167.1201171875,2036.6893310546875,60308.54296875,22090.953125,3513.10400390625,1650.325439453125,2798.338623046875
2024-01-10,1693.1632080078125,2712.024169921875,34772.46484375,7438.09814453125,1997.1328125,63236.8046875,22147.9375,3529.625,1679.7841796875,2852.718017578125
2024-01-11,1704.4432373046875,2807.97314453125,35578.86328125,7539.833984375,2000.9920654296875,64265.125,22993.205078125,3510.1884765625,1680.1043701171875,2863.006103515625
2024-01-12,1715.334228515625,2853.989501953125,37832.90234375,7725.23974609375,2012.0869140625,65587.25,23354.107421875,3672.481201171875,1712.76513671875,2904.647705078125
2024-01-15,1746.8402099609375,2823.638427734375,37716.3125,7730.94384765625,1994.720703125,65459.9375,23178.404296875,3649.158203125,1705.4002685546875,2898.279052734375
2024-01-16,1748.9796142578125,2815.805419921875,37891.19140625,7641.56884765625,1957.093505859375,64823.35546875,22770.015625,3674.425048828125,1714.365966796875,2931.102783203125
2024-01-17,1747.8126220703125,2822.6591796875,37648.3046875,7549.341796875,1877.497802734375,65234.6875,22200.173828125,3600.5673828125,1690.6708984375,2841.4501953125
2024-01-18,1762.2044677734375,2788.391845703125,37687.16796875,7669.142578125,1909.3359375,64431.6171875,22437.607421875,3547.1171875,1661.852783203125,2772.37353515625
2024-01-19,1775.42919921875,2844.198486328125,37735.74609375,7735.69775390625,1939.7274169921875,64176.98828125,23012.203125,3554.89208984375,1637.837646484375,2805.197265625
2024-01-22,1836.8857421875,2898.047607421875,38483.84765625,7704.32177734375,1978.3192138671875,65342.40625,23325.615234375,3585.990234375,1644.5618896484375,2832.6318359375
2024-01-23,1830.0787353515625,2877.487060546875,38581.00390625,7691.01025390625,2013.0517578125,65048.60546875,23387.34765625,3672.481201171875,1635.59619140625,2895.82958984375
2024-01-24,1797.6002197265625,2846.1572265625,37978.63671875,7547.43994140625,2052.1259765625,64235.7421875,22874.490234375,3721.07177734375,1646.4830322265625,2889.4609375
2024-01-25,1824.2442626953125,2810.910400390625,37852.328125,7579.7666015625,2019.805419921875,64588.3125,22793.76171875,3783.26806640625,1619.5860595703125,2798.338623046875
2024-01-26,1801.2952880859375,2742.375244140625,37764.89453125,7506.5556640625,1989.8966064453125,64970.2578125,22713.033203125,3691.917236328125,1623.1083984375,2757.1865234375
2024-01-29,1806.5465087890625,2810.910400390625,37988.34765625,7692.91162109375,2001.47412109375,65205.30078125,22736.775390625,3671.509765625,1655.44873046875,2744.448974609375
2024-01-30,1769.205810546875,2835.38720703125,38299.25390625,7864.0556640625,2005.33349609375,65939.828125,22931.474609375,3670.53759765625,1621.1871337890625,2738.080322265625
2024-01-31,1886.478759765625,2877.487060546875,38610.16015625,7901.1376953125,2010.639892578125,65205.30078125,22684.541015625,3744.395263671875,1629.1920166015625,2715.054443359375
2024-02-01,1863.72412109375,2817.76416015625,37920.33984375,7901.1376953125,2033.795166015625,65146.53515625,22171.68359375,3789.09912109375,1653.207275390625,2657.245849609375
2024-02-02,1897.7586669921875,2834.407958984375,37716.3125,8058.97119140625,2155.359619140625,64725.41796875,22323.63671875,3803.676025390625,1673.059814453125,2672.922607421875
2024-02-05,1877.3380126953125,2834.407958984375,37988.34765625,8000.97119140625,2263.417236328125,66458.8671875,22608.560546875,3850.3232421875,1665.375,2708.685791015625
2024-02-06,1822.1051025390625,2791.328857421875,37726.03125,7963.89013671875,2233.508544921875,64519.75390625,21630.33203125,3810.478515625,1679.1436767578125,2655.776123046875
2024-02-07,1840.580810546875,2800.140625,37648.3046875,7957.234375,2218.553955078125,62854.85546875,20101.24609375,3827.97119140625,1682.6658935546875,2679.29150390625
2024-02-08,1842.5257568359375,2805.0361328125,38940.49609375,8195.884765625,2216.624267578125,63608.96484375,20115.4921875,3814.365966796875,1654.80810546875,2661.655029296875
2024-02-09,1846.220703125,2787.412841796875,38581.00390625,8271.94921875,2212.282470703125,64372.85546875,20348.1796875,4128.26171875,1623.1083984375,2691.539306640625
2024-02-13,1879.477294921875,2885.31982421875,39018.21484375,8281.45703125,2226.2724609375,65567.6640625,20367.177734375,4136.03662109375,1661.852783203125,2713.5849609375
2024-02-14,1891.3406982421875,2870.633544921875,39494.28515625,8434.53515625,2196.363525390625,65293.453125,19892.306640625,4101.05078125,1645.2021484375,2683.700927734375
2024-02-15,1873.83740234375,2684.6103515625,40446.421875,8509.6484375,2225.7900390625,65783.1171875,20419.41015625,4134.09228515625,1636.556640625,2754.2470703125
2024-02-16,1921.0965576171875,2638.59375,40883.62890625,8437.3876953125,2279.818603515625,67379.46875,20514.384765625,4242.93603515625,1650.9658203125,2798.338623046875
2024-02-19,1936.6551513671875,2638.59375,40864.19921875,7944.873046875,2262.9345703125,67359.8828125,20343.43359375,4306.10400390625,1656.7296142578125,2804.217529296875
2024-02-20,1896.98095703125,2607.263916015625,40514.43359375,7856.44921875,2228.201904296875,67614.5,20371.92578125,4208.921875,1656.08935546875,2837.531005859375
2024-02-21,1882.5889892578125,2581.807861328125,40757.328125,7987.66015625,2180.4443359375,67438.2265625,20134.48828125,4221.5556640625,1674.660888671875,2792.949462890625
2024-02-22,1921.87451171875,2606.28466796875,42039.796875,8004.7734375,2190.574951171875,68113.9765625,20234.2109375,4258.48486328125,1659.2913818359375,2802.258056640625
2024-02-26,1992.4716796875,2552.435546875,42399.27734375,8128.37744140625,2209.388427734375,69436.109375,20253.205078125,4265.28759765625,1641.03955078125,2798.338623046875
2024-02-27,1966.21630859375,2531.87548828125,42272.9765625,8089.39453125,2241.2265625,70053.09375,20257.95703125,4207.9501953125,1626.9505615234375,2851.24853515625
2024-02-28,1926.3475341796875,2529.9169921875,42151.03515625,7954.3818359375,2268.2412109375,68897.4609375,20376.673828125,4228.35888671875,1610.620361328125,2795.88916015625
2024-02-29,1962.32666015625,2534.8125,42199.8125,7986.708984375,2256.180908203125,68593.859375,20110.74609375,4272.08984375,1593.329345703125,2783.1513671875
2024-03-01,2009.97509765625,2587.682373046875,43282.61328125,8066.57666015625,2285.607421875,69465.484375,20300.689453125,4335.2578125,1586.60498046875,2800.298095703125
2024-03-04,1982.7474365234375,2550.477783203125,43087.51171875,7934.41552734375,2294.29052734375,71394.8203125,20547.625,4276.94873046875,1578.5999755859375,2825.283447265625
2024-03-05,1995.3887939453125,2535.79150390625,43194.8125,7977.20068359375,2366.65087890625,73333.9296875,20101.24609375,4408.1435546875,1562.2696533203125,2774.822998046875
2024-03-06,1979.8302001953125,2536.7705078125,42794.859375,7919.20166015625,2371.474609375,72570.03125,20087.001953125,4595.70361328125,1567.7132568359375,2774.3330078125
2024-03-07,2008.030029296875,2532.8544921875,42375.40234375,7913.49755859375,2395.594482421875,70865.9609375,19726.1015625,4585.9853515625,1572.1959228515625,2734.65087890625
2024-03-08,1989.5543212890625,2539.707763671875,42365.64453125,7826.0244140625,2348.3193359375,71296.875,19441.181640625,4594.7314453125,1564.5111083984375,2744.93896484375
2024-03-11,1929.4593505859375,2495.64990234375,41819.3671875,7903.0390625,2345.425048828125,69318.5859375,19165.755859375,4635.54833984375,1564.19091796875,2734.160888671875
2024-03-12,1933.54345703125,2531.87548828125,42414.41796875,7797.5,2340.60107421875,68456.7578125,19797.33203125,4620.97119140625,1566.1121826171875,2710.155517578125
2024-03-13,2008.030029296875,2545.582275390625,42121.76953125,7826.974609375,2382.08740234375,68525.3125,19274.974609375,4546.14111328125,1543.377685546875,2659.205322265625
2024-03-14,2074.154296875,2556.35205078125,42804.6171875,7819.3681640625,2339.153564453125,67369.65625,19350.955078125,4563.6337890625,1547.8607177734375,2721.9130859375
2024-03-15,2106.24365234375,2558.310302734375,42941.1796875,7819.3681640625,2358.932373046875,67301.125,18947.3125,4429.5244140625,1566.432373046875,2717.504150390625
2024-03-18,2130.553955078125,2610.200927734375,44970.20703125,7878.31787109375,2424.53857421875,69244.4765625,19180.0,4512.1279296875,1576.6788330078125,2881.13232421875
2024-03-19,2107.216552734375,2635.656982421875,44462.95703125,7946.775390625,2444.79931640625,69970.7890625,19536.154296875,4502.40966796875,1576.3587646484375,2987.931884765625
2024-03-21,2195.70556640625,2628.80322265625,45711.5859375,7965.7919921875,2479.531982421875,70932.6484375,19678.611328125,4590.84521484375,1568.673828125,3158.418701171875
2024-03-22,2192.78857421875,2633.6982421875,46248.10546875,8011.42919921875,2512.3349609375,70500.8046875,19621.626953125,4621.94287109375,1574.1171875,3137.35302734375
2024-03-25,2144.167724609375,2555.373046875,45974.96875,7890.67822265625,2424.055908203125,69067.8125,19379.4453125,4682.1953125,1540.816162109375,3105.50927734375
2024-03-26,2122.77490234375,2567.121826171875,45223.83984375,7899.236328125,2384.981689453125,69980.6015625,19217.9921875,4635.54833984375,1528.328369140625,3099.630126953125
2024-03-27,2143.1953125,2585.723876953125,45779.8671875,7996.216796875,2390.770263671875,69195.3984375,19759.341796875,4609.30908203125,1557.146484375,3038.882080078125
2024-03-28,2153.950439453125,2540.532958984375,45565.2578125,7976.89990234375,2344.70068359375,68792.9921875,19697.21875,4448.861328125,1543.0574951171875,3068.960205078125
2024-03-29,2144.173095703125,2548.39208984375,45789.62890625,7925.71044921875,2417.92724609375,68380.7578125,19697.21875,4551.21240234375,1536.9736328125,3022.610107421875
2024-04-01,2083.553466796875,2567.058349609375,45770.1171875,7929.57373046875,2389.80078125,68655.578125,20079.50390625,4614.57275390625,1553.6241455078125,3048.74365234375
2024-04-02,2141.23974609375,2560.181396484375,45828.640625,7868.7255859375,2400.9541015625,68940.2265625,19917.03515625,4531.716796875,1525.7667236328125,3093.121337890625
2024-04-03,2126.573974609375,2555.268798828125,44297.12109375,7539.373046875,2372.82763671875,67360.0078125,19501.298828125,4522.94482421875,1486.0614013671875,3017.186279296875
2024-04-04,2170.572021484375,2559.19873046875,44072.75390625,7618.572265625,2351.0048828125,67036.1171875,19400.947265625,4580.4560546875,1493.7462158203125,3041.840576171875
2024-04-05,2161.772216796875,2511.060302734375,43077.75390625,7476.59375,2312.69482421875,63748.10546875,19271.9296875,4594.10302734375,1457.2432861328125,2988.58740234375
2024-04-08,2194.03759765625,2514.989990234375,43750.84765625,7589.5966796875,2393.679931640625,64219.2265625,19238.4765625,4672.08447265625,1461.725830078125,3015.2138671875
2024-04-09,2219.458984375,2530.708984375,43760.6015625,7612.77734375,2419.3818359375,63669.5859375,19477.404296875,4641.8671875,1482.2188720703125,3035.923583984375
2024-04-10,2223.36962890625,2546.427490234375,43272.8515625,7521.98828125,2393.19482421875,63767.73828125,19496.51953125,4610.67431640625,1479.6573486328125,3072.905029296875
2024-04-11,2248.790771484375,2525.796630859375,43019.2265625,7459.20849609375,2419.866943359375,63463.47265625,19381.8359375,4603.85107421875,1476.4554443359375,3065.015625
2024-04-12,2265.412353515625,2562.14599609375,41126.76953125,7470.79833984375,2441.689697265625,63699.03125,19338.828125,4568.7587890625,1482.859375,3146.37451171875
2024-04-15,2243.902099609375,2526.779052734375,40600.0,7406.08642578125,2452.3583984375,63502.73046875,19171.578125,4515.146484375,1467.489501953125,3131.58203125
2024-04-16,2153.950439453125,2541.515380859375,39868.38671875,7267.00537109375,2415.017578125,63993.48046875,19119.013671875,4358.20703125,1459.4847412109375,3346.567138671875
2024-04-17,2160.794921875,2488.464599609375,39692.796875,7325.921875,2418.412109375,63051.24609375,18636.380859375,4270.47802734375,1440.9129638671875,3323.885009765625
2024-04-18,2142.21728515625,2507.130615234375,39946.42578125,7329.78564453125,2396.104736328125,63767.73828125,18641.158203125,4205.1689453125,1446.9967041015625,3339.1708984375
2024-04-19,2107.9970703125,2461.939697265625,39526.95703125,7200.36279296875,2374.2822265625,61441.59375,18364.001953125,4144.732421875,1416.577392578125,3250.415283203125
2024-04-22,2100.175048828125,2461.939697265625,40434.171875,7267.97119140625,2389.3154296875,62540.86328125,18808.408203125,4187.62255859375,1489.9036865234375,3334.23974609375
2024-04-23,2107.01904296875,2455.0625,41146.28125,7241.8935546875,2393.679931640625,63178.83984375,19066.44921875,4151.55615234375,1488.9432373046875,3325.857421875
2024-04-24,2154.92822265625,2522.84912109375,42024.22265625,7253.4833984375,2444.59912109375,64700.15625,19372.27734375,4217.8408203125,1484.4605712890625,3350.0185546875
2024-04-25,2102.130615234375,2507.130615234375,40521.9609375,7153.0361328125,2407.743408203125,63384.953125,19496.51953125,4210.0419921875,1484.7806396484375,3395.38232421875
2024-04-26,2140.26220703125,2509.095703125,40375.640625,7387.73583984375,2352.460205078125,68321.8671875,20222.861328125,4253.9072265625,1484.4605712890625,3508.298828125
2024-04-30,2248.790771484375,2570.98779296875,40531.71875,7456.31103515625,2362.15869140625,68999.1015625,20781.955078125,4141.80859375,1503.9927978515625,3635.5146484375
2024-05-01,2189.148681640625,2573.93505859375,40180.5390625,7376.1455078125,2356.82421875,67939.09375,21059.109375,4035.55810546875,1514.879638671875,3658.19677734375
2024-05-02,2184.26025390625,2566.07568359375,39819.61328125,7316.26318359375,2388.830810546875,68076.4921875,21111.673828125,4075.523681640625,1499.8302001953125,3576.837646484375
2024-05-07,2229.236083984375,2491.412109375,41077.99609375,7493.97900390625,2381.071533203125,69970.7890625,21403.166015625,4121.337890625,1515.84033203125,3511.75048828125
2024-05-08,2126.573974609375,2367.627197265625,40151.27734375,7086.39306640625,2259.835693359375,68920.578125,21288.478515625,3974.1474609375,1542.4171142578125,3420.03662109375
2024-05-09,2112.885498046875,2332.260498046875,39634.26953125,7337.51220703125,2291.841796875,68361.140625,21814.125,4021.9111328125,1572.5162353515625,3429.8984375
2024-05-10,2097.24169921875,2300.822998046875,39722.05859375,7580.90478515625,2276.323974609375,68861.703125,23591.744140625,4032.6337890625,1605.4970703125,3526.54296875
2024-05-13,2106.041259765625,2342.084228515625,39644.02734375,7737.37109375,2286.02294921875,69548.734375,23367.15234375,4091.1201171875,1607.7384033203125,3472.3037109375
2024-05-14,2124.618408203125,2350.926025390625,39702.55078125,8146.888671875,2269.049560546875,69745.0390625,23758.99609375,4171.0517578125,1650.6456298828125,3444.690673828125
2024-05-15,2142.21728515625,2544.46240234375,39751.3203125,8035.81689453125,2259.835693359375,69244.4765625,23672.982421875,3499.432861328125,1617.344482421875,3435.8154296875
2024-05-16,2151.9951171875,2557.23388671875,40365.88671875,8306.2529296875,2262.26025390625,71806.1875,24103.05078125,3612.5068359375,1635.59619140625,3553.169677734375
2024-05-17,2144.173095703125,2573.93505859375,40004.94921875,8212.5673828125,2289.417236328125,71531.375,23993.14453125,3603.73388671875,1621.5072021484375,3612.8330078125
2024-05-20,2160.794921875,2567.058349609375,40346.375,8104.39208984375,2263.23046875,71757.109375,23677.76171875,3560.843994140625,1585.3243408203125,3625.653076171875
2024-05-21,2182.3046875,2530.708984375,40434.171875,8120.810546875,2264.2001953125,70618.5703125,22569.1328125,3546.222412109375,1561.6292724609375,3595.57470703125
2024-05-22,2190.12646484375,2516.954833984375,39683.0390625,8065.7578125,2251.591552734375,70579.3125,22898.853515625,3511.13037109375,1561.3092041015625,3760.26513671875
2024-05-23,2243.902099609375,2531.691162109375,40112.2578125,7998.14892578125,2282.6279296875,71541.1796875,23147.337890625,3537.449462890625,1618.30517578125,3931.85888671875
2024-05-24,2253.679443359375,2485.517578125,39322.109375,7970.1396484375,2263.71533203125,70441.8984375,22879.740234375,3478.963134765625,1601.65478515625,3921.0107421875
2024-05-27,2328.965087890625,2466.851318359375,39829.36328125,8003.9443359375,2248.197265625,70255.4140625,22497.453125,3449.7197265625,1610.9405517578125,3896.849853515625
2024-05-28,2334.831298828125,2471.763427734375,39887.89453125,7912.18896484375,2212.79638671875,69077.625,22435.333984375,3427.300048828125,1579.5606689453125,3940.2412109375
2024-05-29,2266.389892578125,2455.0625,39429.41015625,7986.55859375,2182.729736328125,68714.4765625,21928.8046875,3359.066162109375,1576.0384521484375,3865.785400390625
2024-05-30,2205.7705078125,2485.517578125,38609.99609375,8072.51904296875,2183.699951171875,68606.5078125,21637.314453125,3325.923828125,1584.36376953125,3868.250732421875
2024-05-31,2273.23388671875,2533.656005859375,39224.5625,8262.7900390625,2200.187744140625,69381.875,21928.8046875,3386.359375,1617.344482421875,3867.264404296875
2024-06-03,2276.167236328125,2570.98779296875,39926.91015625,8374.828125,2222.4951171875,70167.078125,22282.419921875,3360.04052734375,1632.394287109375,3795.2744140625
2024-06-04,2283.01171875,2621.09130859375,39517.203125,8547.712890625,2296.206787109375,70284.859375,22268.083984375,3369.78857421875,1642.000244140625,3760.26513671875
2024-06-05,2271.27880859375,2639.757080078125,39741.57421875,8453.060546875,2289.417236328125,68734.1015625,22139.0625,3433.148681640625,1677.2225341796875,3623.1875
2024-06-06,2322.12109375,2667.264892578125,39790.34375,8496.525390625,2313.1796875,68469.109375,21642.091796875,3372.712890625,1668.8973388671875,3558.593505859375
2024-06-07,2366.119140625,2637.792236328125,40073.234375,8455.958984375,2358.764404296875,68351.3125,21474.84375,3365.8896484375,1672.73974609375,3449.621826171875
2024-06-10,2406.206298828125,2625.02099609375,40473.1875,8440.5048828125,2405.8037109375,69313.1875,21885.80078125,3334.697021484375,1676.5821533203125,3477.234375
2024-06-11,2425.7607421875,2621.09130859375,40678.04296875,8378.69140625,2386.890869140625,69136.5078125,21747.220703125,3325.923828125,1662.4930419921875,3487.09619140625
2024-06-12,2407.183837890625,2574.917236328125,39683.0390625,8253.1318359375,2340.821044921875,67968.53125,21570.4140625,3304.478759765625,1650.9658203125,3472.3037109375
2024-06-13,2406.206298828125,2606.35498046875,39751.3203125,8077.34716796875,2369.43310546875,67536.671875,22129.5078125,3324.948974609375,1646.1627197265625,3526.54296875
2024-06-14,2475.625,2561.163818359375,39409.90234375,8191.31640625,2347.6103515625,66937.9609375,22268.083984375,3263.53857421875,1666.65576171875,3665.5927734375
2024-06-17,2414.028076171875,2494.359375,38492.94140625,8123.7080078125,2304.935546875,66535.5546875,21943.140625,3267.437255859375,1675.3013916015625,3577.330810546875
2024-06-18,2460.959228515625,2484.53515625,38873.3828125,8375.7939453125,2376.222412109375,66447.2265625,21752.001953125,3308.3779296875,1665.6953125,3618.75
2024-06-19,2487.35791015625,2509.095703125,38980.68359375,8287.90234375,2354.399658203125,67644.640625,21900.134765625,3280.109375,1656.7296142578125,3714.9013671875
2024-06-20,2494.2021484375,2514.0078125,38834.36328125,8198.0791015625,2325.787841796875,67880.203125,22005.263671875,3312.276611328125,1668.5771484375,3619.736083984375
2024-06-21,2465.847900390625,2516.954833984375,39361.12890625,8192.2841796875,2320.9384765625,68802.8046875,22148.619140625,3280.109375,1671.138671875,3610.860595703125
2024-06-24,2503.9794921875,2539.550537109375,39468.43359375,8202.9072265625,2364.0986328125,68508.359375,21828.45703125,3310.327392578125,1681.705322265625,3672.49609375
2024-06-25,2543.089111328125,2587.688720703125,39887.89453125,8337.1591796875,2353.43017578125,69264.1171875,22000.48828125,3361.990478515625,1687.7891845703125,3595.081787109375
2024-06-26,2593.93115234375,2615.196533203125,40287.84765625,8387.3828125,2382.04150390625,70952.28125,21957.478515625,3306.42822265625,1692.27197265625,3649.321044921875
2024-06-27,2654.55078125,2658.423095703125,39497.69921875,8304.3212890625,2429.56591796875,69224.84375,21364.935546875,3268.412353515625,1671.693359375,3617.763671875
2024-06-28,2590.020263671875,2680.0361328125,39565.98046875,8263.755859375,2441.20458984375,69244.4765625,21379.271484375,3312.276611328125,1661.4041748046875,3542.814697265625
2024-07-01,2590.998046875,2701.6494140625,39526.95703125,8450.1640625,2479.514892578125,69519.296875,21169.013671875,3291.806640625,1636.6453857421875,3510.76416015625
2024-07-02,2654.55078125,2742.911376953125,40365.88671875,8571.8603515625,2512.006591796875,69774.4921875,21197.689453125,3291.806640625,1643.397705078125,3489.068603515625
2024-07-03,2715.170166015625,2733.0869140625,40921.91796875,8583.4501953125,2592.991943359375,71020.9765625,21699.4375,3298.6298828125,1664.619384765625,3467.865966796875
2024-07-04,2763.079345703125,2734.0693359375,40804.8515625,8528.396484375,2569.714599609375,71825.8046875,21928.8046875,3208.951171875,1699.66748046875,3457.01806640625
2024-07-05,2753.30224609375,2747.8232421875,41068.2421875,8593.109375,2553.2265625,71354.6953125,21928.8046875,3216.749267578125,1704.4906005859375,3416.092041015625
2024-07-08,2688.771484375,2733.0869140625,41214.56640625,8490.7294921875,2548.86181640625,71668.7734375,22196.40625,3208.951171875,1688.092041015625,3403.271728515625
2024-07-09,2700.50439453125,2869.64306640625,42541.234375,8643.3310546875,2567.77490234375,74181.3984375,22315.87109375,3207.001708984375,1686.805908203125,3446.6630859375
2024-07-10,2690.726806640625,2916.798828125,43116.7734375,8692.5908203125,2577.958740234375,74426.765625,22005.263671875,3208.951171875,1695.4874267578125,3426.44677734375
2024-07-11,2663.350341796875,3021.917724609375,44092.265625,8789.1748046875,2587.17236328125,75329.75,22253.75,3232.345458984375,1696.130615234375,3474.76904296875
2024-07-12,2584.154052734375,2973.779296875,41955.94140625,8611.4599609375,2512.976318359375,72866.203125,22167.734375,3378.561279296875,1704.1690673828125,3463.921142578125
2024-07-16,2662.372802734375,2966.902587890625,41429.17578125,8523.5673828125,2577.958740234375,72954.53125,21718.552734375,3337.620849609375,1651.4364013671875,3408.20263671875
2024-07-17,2669.217041015625,2983.603515625,41341.37890625,8449.1982421875,2570.6845703125,72346.0078125,21852.34765625,3359.066162109375,1652.4010009765625,3459.4833984375
2024-07-18,2609.5751953125,2884.37939453125,40980.4453125,8257.9609375,2560.500732421875,70010.03125,21603.865234375,3450.69482421875,1656.9024658203125,3422.502197265625
2024-07-19,2703.437255859375,2882.414306640625,40658.53515625,8281.1416015625,2566.31982421875,71364.5078125,21704.21484375,3396.107666015625,1665.5841064453125,3370.235107421875
2024-07-22,2644.7734375,2841.152587890625,40570.734375,8240.576171875,2547.406982421875,69421.15625,21489.1796875,3371.73779296875,1660.760986328125,3358.894287109375
2024-07-23,2660.41748046875,2819.53955078125,40307.359375,8202.9072265625,2520.735107421875,68037.25,21541.7421875,3465.316162109375,1660.117919921875,3346.567138671875
2024-07-24,2587.087158203125,2787.119873046875,39975.6875,8196.146484375,2475.635498046875,67713.3515625,21422.279296875,3463.36669921875,1632.143798828125,3550.2109375
2024-07-25,2428.69384765625,2635.8271484375,39146.51953125,7997.18310546875,2362.15869140625,64229.03515625,20724.609375,3472.139404296875,1613.494384765625,3423.48828125
2024-07-26,2469.758544921875,2597.51318359375,39848.875,7965.310546875,2618.69384765625,64709.97265625,20930.087890625,3455.568603515625,1605.4559326171875,3315.009521484375
2024-07-29,2542.111083984375,2622.07373046875,40151.27734375,8057.06494140625,2662.338623046875,63914.95703125,21283.701171875,3476.038818359375,1629.2498779296875,3294.300048828125
2024-07-30,2553.84375,2680.0361328125,39936.66796875,8062.85986328125,2582.3232421875,64111.26171875,21135.568359375,3413.6533203125,1626.677734375,3274.57666015625
2024-07-31,2542.111083984375,2658.423095703125,40629.265625,8101.49365234375,2650.215087890625,64670.7109375,20934.8671875,3482.8623046875,1613.494384765625,3302.682373046875
2024-08-01,2511.801513671875,2570.98779296875,40092.74609375,7828.16064453125,2524.1298828125,63247.54296875,20299.318359375,3528.676513671875,1553.3662109375,3270.6318359375
2024-08-02,2214.56982421875,2400.047119140625,39351.37109375,7644.650390625,2328.212890625,59311.74609375,18985.212890625,3428.275146484375,1508.3504638671875,3089.669677734375
2024-08-05,1919.68505859375,2217.317138671875,35576.21875,6381.3271484375,2102.229248046875,52137.015625,16810.96875,3406.829833984375,1508.3504638671875,2689.77783203125
2024-08-06,2186.215576171875,2419.6953125,38356.37109375,7250.58642578125,2373.79736328125,61343.4375,18254.095703125,3577.414794921875,1619.2822265625,2861.864501953125
2024-08-07,2314.298828125,2417.730712890625,38102.7421875,7386.77001953125,2420.351806640625,61314.0,16438.244140625,3591.061767578125,1555.616943359375,2930.4033203125
2024-08-08,2270.30078125,2414.783447265625,38863.625,7307.5712890625,2290.871826171875,58654.14453125,16748.84765625,3883.49365234375,1583.591064453125,2847.56494140625
2024-08-09,2331.898193359375,2421.660400390625,38668.5234375,7534.5439453125,2345.185791015625,58703.22265625,16180.201171875,3843.52783203125,1568.8001708984375,2870.2470703125
2024-08-13,2464.870361328125,2543.480224609375,39605.00390625,7485.28564453125,2419.3818359375,63669.5859375,16849.201171875,3852.301025390625,1589.0572509765625,2921.03466796875
2024-08-14,2452.15966796875,2570.005615234375,39370.8828125,7701.634765625,2409.683349609375,65760.171875,16930.43359375,3804.537109375,1593.2371826171875,2915.11767578125
2024-08-15,2444.337890625,2530.708984375,40200.05078125,7628.2314453125,2379.616943359375,63227.91015625,16949.548828125,3774.3193359375,1601.9189453125,2985.1357421875
2024-08-16,2517.667724609375,2629.93310546875,42677.8046875,7840.71630859375,2456.23779296875,65112.3828125,17150.248046875,3793.814453125,1608.9927978515625,3067.48095703125
2024-08-19,2472.692138671875,2599.478271484375,41555.984375,7790.4931640625,2394.1650390625,65063.31640625,16987.77734375,3896.165771484375,1635.6807861328125,3017.679443359375
2024-08-20,2496.157470703125,2607.33740234375,43068.0,7870.6572265625,2474.66552734375,66672.9609375,17274.4921875,3933.20703125,1639.8609619140625,3041.840576171875
2024-08-21,2498.11328125,2629.93310546875,42872.8984375,7971.10498046875,2460.60205078125,68390.5859375,16911.3203125,4048.230224609375,1622.8192138671875,3041.347412109375
2024-08-22,2492.246826171875,2626.9853515625,43945.9453125,7993.31982421875,2448.963623046875,69136.5078125,16806.19140625,4153.50537109375,1653.3656005859375,3024.58251953125
2024-08-23,2503.9794921875,2634.84521484375,44570.26171875,7944.06103515625,2486.7890625,69735.2265625,17298.3828125,4198.34521484375,1665.90576171875,3043.81298828125
2024-08-26,2415.005859375,2632.8798828125,45223.83984375,7833.95556640625,2462.5419921875,68704.6484375,17632.8828125,4364.05615234375,1663.011962890625,2974.2880859375
2024-08-27,2388.607177734375,2707.5439453125,45477.46875,7773.107421875,2471.27099609375,68851.8828125,17857.474609375,4355.283203125,1660.439453125,2993.025146484375
2024-08-28,2389.58447265625,2769.43603515625,45067.76171875,7694.8740234375,2512.006591796875,68763.546875,17728.453125,4372.8291015625,1651.7579345703125,3000.42138671875
2024-08-29,2439.44921875,2750.770263671875,45592.203125,7601.1875,2541.587890625,69205.21875,17585.095703125,4360.15771484375,1638.253173828125,2900.818359375
2024-08-30,2515.712158203125,2790.067138671875,45729.4375,7632.0947265625,2596.87158203125,68321.8671875,17690.224609375,4234.41162109375,1633.1083984375,2931.882568359375
2024-09-02,2597.842041015625,2767.471435546875,45896.0859375,7652.376953125,2671.552490234375,68704.6484375,17618.544921875,4154.48095703125,1640.825439453125,2913.145263671875
2024-09-03,2674.10546875,2785.1552734375,46052.92578125,7655.27490234375,2761.26708984375,68577.0703125,17728.453125,4181.77392578125,1672.0150146484375,2967.384765625
2024-09-04,2511.801513671875,2701.6494140625,44837.39453125,7435.0615234375,2686.10107421875,66398.1484375,17083.34765625,4288.9990234375,1668.799560546875,2898.352783203125
2024-09-05,2529.40087890625,2660.38818359375,43151.33203125,7466.935546875,2733.140380859375,65063.31640625,17183.697265625,4271.453125,1683.2689208984375,2845.099853515625
2024-09-06,2452.15966796875,2592.601318359375,43229.7578125,7497.841796875,2703.073974609375,62717.53125,16538.591796875,4291.923828125,1653.3656005859375,2825.869384765625
2024-09-09,2411.094482421875,2554.28662109375,43033.70703125,7480.45703125,2731.200439453125,63178.83984375,16419.126953125,4275.35205078125,1650.793212890625,2821.431640625
2024-09-10,2454.115234375,2592.601318359375,42778.8359375,7432.1640625,2704.0439453125,62295.4921875,16175.4228515625,4355.283203125,1625.7130126953125,2807.625244140625
2024-09-11,2418.91650390625,2585.72412109375,42053.44140625,7281.49365234375,2717.6220703125,62256.234375,16046.400390625,4355.283203125,1609.314453125,2789.874267578125
2024-09-12,2595.886962890625,2605.372314453125,43641.46875,7390.63330078125,2837.4033203125,64660.8984375,16414.349609375,4465.4326171875,1620.246826171875,2852.495849609375
2024-09-13,2532.333984375,2574.917236328125,43033.70703125,7323.98974609375,2777.270263671875,64827.75,16509.919921875,4407.92138671875,1617.0313720703125,2774.58837890625
2024-09-17,2601.75341796875,2515.97216796875,43200.3515625,7288.25390625,2843.222412109375,64219.2265625,16729.734375,4432.29052734375,1633.429931640625,2754.864990234375
2024-09-18,2587.087158203125,2516.954833984375,43935.55078125,7300.81005859375,2799.0927734375,64592.19140625,16815.751953125,4328.96484375,1634.7161865234375,2761.275146484375
2024-09-19,2624.24072265625,2588.67138671875,44994.23828125,7410.91650390625,2834.49365234375,66201.2109375,17078.5703125,4304.59521484375,1651.7579345703125,2864.8232421875
2024-09-20,2679.9716796875,2626.00341796875,46866.55078125,7408.01806640625,2815.095947265625,67825.0,17164.583984375,4337.7373046875,1646.61328125,2897.859619140625
2024-09-24,2685.83837890625,2702.6318359375,46984.17578125,7452.447265625,2848.55712890625,68071.0234375,17422.625,4204.19384765625,1614.7806396484375,2974.2880859375
2024-09-25,2640.8623046875,2706.561767578125,46170.5625,7367.453125,2764.66162109375,67559.2890625,18005.607421875,4215.89111328125,1645.326904296875,3030.49951171875
2024-09-26,2743.524658203125,2797.926513671875,46954.76953125,7722.88330078125,2841.282958984375,69999.8828125,18478.6875,4190.54736328125,1664.9410400390625,3089.1767578125
2024-09-27,2806.41357421875,2820.6015625,48140.8984375,7807.28125,2947.020751953125,69960.5234375,19829.609375,4222.0458984375,1693.55810546875,3084.71044921875
2024-09-30,2702.25390625,2738.28076171875,46484.2421875,7407.6044921875,2860.773681640625,67273.90625,19371.263671875,4264.10986328125,1666.5487060546875,2983.474609375
2024-10-01,2810.343994140625,2793.983154296875,47748.7890625,7465.8095703125,2964.562744140625,68297.375,19327.83984375,4203.45947265625,1666.5487060546875,2947.248291015625
2024-10-02,2741.5595703125,2711.661865234375,45856.8671875,7442.52783203125,2893.4208984375,67057.390625,19501.529296875,4118.35302734375,1639.8609619140625,2947.744384765625
2024-10-03,2780.865234375,2740.745361328125,47533.12890625,7532.74560546875,2931.42822265625,67834.8359375,19380.912109375,4052.81201171875,1657.5455322265625,3027.14501953125
2024-10-04,2765.142578125,2727.92919921875,48238.921875,7511.40380859375,2922.657470703125,67992.2890625,19337.48828125,4086.071533203125,1636.9669189453125,3018.21240234375
2024-10-07,2736.64599609375,2839.826416015625,49454.453125,7845.11474609375,2947.995361328125,68297.375,19684.8671875,3990.205078125,1620.246826171875,3074.785400390625
2024-10-08,2676.705322265625,2770.814453125,49150.5703125,7797.58056640625,3003.544189453125,66555.4921875,18946.685546875,4087.05029296875,1601.9189453125,3025.159912109375
2024-10-09,2714.045654296875,2780.1806640625,49709.3203125,7641.39599609375,3071.762451171875,67982.453125,18864.666015625,4226.93701171875,1639.8609619140625,3021.18994140625
2024-10-10,2682.601318359375,2786.095947265625,50346.49609375,7676.3193359375,3075.66064453125,67844.6875,18893.615234375,4180.9599609375,1626.677734375,2977.519775390625
2024-10-11,2688.496826171875,2775.251220703125,53414.73046875,7642.3662109375,3046.424072265625,67323.109375,18748.87109375,4117.375,1623.1407470703125,2948.24072265625
2024-10-15,2692.42724609375,2774.265380859375,52463.87109375,7706.39208984375,3054.220703125,67706.8984375,18478.6875,4190.74267578125,1640.50390625,2959.654541015625
2024-10-16,2718.958984375,2733.351318359375,52522.6875,7691.84033203125,3021.08642578125,65453.29296875,18131.30859375,4114.4404296875,1599.0250244140625,2901.0966796875
2024-10-17,2706.1845703125,2726.4501953125,51963.93359375,7754.896484375,2991.849853515625,63622.83984375,18121.658203125,4087.05029296875,1584.8773193359375,2853.456298828125
2024-10-18,2698.323486328125,2673.212646484375,52512.87890625,7779.14892578125,3013.2900390625,64754.5703125,18107.18359375,4111.50537109375,1592.59423828125,2847.99755859375
2024-10-21,2619.71240234375,2671.73388671875,52071.765625,7810.19140625,2981.129638671875,65827.2578125,18131.30859375,4080.2021484375,1568.4786376953125,2867.3515625
2024-10-22,2612.833984375,2653.002197265625,50415.11328125,7770.41796875,2947.020751953125,64459.33203125,17788.75,4001.94384765625,1568.8001708984375,2822.688720703125
2024-10-23,2607.920654296875,2635.749267578125,49572.0859375,7836.3837890625,2913.39892578125,63790.13671875,17571.642578125,3889.447021484375,1553.687744140625,2821.199951171875
2024-10-24,2623.64306640625,2646.593994140625,49209.3828125,7827.65283203125,2921.1953125,63603.15625,17451.021484375,3833.688232421875,1563.3341064453125,2962.1357421875
2024-10-25,2580.406982421875,2607.651611328125,48866.29296875,7762.6572265625,2902.19189453125,63780.296875,17349.701171875,3863.034912109375,1570.08642578125,3099.597900390625
2024-10-28,2628.55615234375,2659.903564453125,49434.84765625,7915.931640625,2895.3701171875,65295.83203125,17687.431640625,3817.05810546875,1574.9095458984375,3178.99853515625
2024-10-29,2663.93115234375,2676.17041015625,49542.67578125,7897.5,2898.78076171875,65945.34375,17590.9375,3813.145263671875,1593.558837890625,3160.140869140625
2024-10-30,2597.11181640625,2711.1689453125,49640.703125,7849.96484375,2904.140869140625,68061.1875,18054.11328125,3758.364013671875,1592.915771484375,3242.51904296875
2024-10-31,2601.042236328125,2685.043212890625,48542.80078125,7901.3798828125,2887.57373046875,68671.3359375,17996.21484375,3766.190185546875,1579.089599609375,3052.9501953125
2024-11-01,2487.056396484375,2636.735107421875,47190.03515625,7724.82373046875,2626.39599609375,66978.65625,17754.978515625,3716.300537109375,1538.2537841796875,2994.392333984375
2024-11-05,2562.71923828125,2689.972900390625,48131.09375,7427.005859375,2608.853759765625,67972.6171875,18102.359375,3716.300537109375,1532.78759765625,2942.781982421875
2024-11-06,2586.302978515625,2735.3232421875,49356.42578125,7857.72607421875,2730.18505859375,68258.0078125,18131.30859375,3655.64990234375,1530.5367431640625,2970.572265625
2024-11-07,2608.903564453125,2732.858154296875,47729.1796875,7962.49560546875,2716.541259765625,66171.6875,19351.962890625,3414.02685546875,1512.8519287109375,2900.104248046875
2024-11-08,2682.601318359375,2765.885498046875,48278.13671875,7947.9443359375,2774.526611328125,67411.671875,18845.3671875,3440.439208984375,1516.3890380859375,2900.104248046875
2024-11-11,2619.71240234375,2932.99169921875,48503.59375,8003.23974609375,2774.0390625,66604.6953125,18333.947265625,3425.765869140625,1318.319580078125,2888.194091796875
2024-11-12,2541.101318359375,2879.75439453125,48895.69921875,8090.546875,2715.079345703125,65413.921875,18203.677734375,3434.56982421875,1290.345458984375,2874.299072265625
2024-11-13,2563.701904296875,2849.68505859375,47935.0390625,7824.7431640625,2673.17431640625,63652.3671875,17947.96875,3405.222900390625,1274.268310546875,2828.1474609375
2024-11-14,2533.240234375,2837.361572265625,48611.421875,7856.755859375,2780.86083984375,63553.953125,17928.66796875,3426.743896484375,1272.3389892578125,2807.304931640625
2024-11-15,2501.7958984375,2848.69921875,49248.59375,8011.97021484375,2752.11181640625,64636.47265625,18049.2890625,3486.416015625,1257.548095703125,2796.883544921875
2024-11-18,2443.820068359375,2876.30419921875,48483.98828125,7954.73486328125,2715.079345703125,64046.0078125,17914.1953125,3458.04736328125,1272.3389892578125,2719.96435546875
2024-11-19,2428.09814453125,2894.542724609375,48640.83203125,7931.453125,2708.257568359375,64587.26953125,17634.361328125,3464.89501953125,1240.1849365234375,2846.5087890625
2024-11-20,2429.08056640625,2975.384765625,48680.04296875,7979.95703125,2721.901123046875,63849.18359375,17663.310546875,3404.244384765625,1216.0694580078125,2894.6455078125
2024-11-21,2411.393310546875,2909.82373046875,47513.5234375,7957.64501953125,2671.224853515625,64636.47265625,17740.505859375,3387.61474609375,1239.5418701171875,2886.208984375
2024-11-22,2410.41064453125,2906.373046875,48052.671875,7921.75146484375,2686.817626953125,64616.79296875,17653.66015625,3526.523193359375,1231.8248291015625,2836.583740234375
2024-11-25,2446.76806640625,2935.456787109375,49728.92578125,7953.76513671875,2722.875732421875,65610.75,18083.05859375,3584.239013671875,1250.7957763671875,2845.02001953125
2024-11-26,2449.71630859375,2940.87890625,50434.71484375,8060.474609375,2674.6357421875,64538.0625,17856.30078125,3629.23779296875,1307.3870849609375,2797.8759765625
2024-11-27,2443.820068359375,2975.384765625,50179.8515625,8271.9541015625,2746.752197265625,62983.16796875,17451.021484375,3738.7998046875,1270.0882568359375,2786.462158203125
2024-11-28,2498.84814453125,3014.81982421875,50091.625,8522.2373046875,2759.421142578125,64282.1953125,17518.568359375,3678.149169921875,1265.9083251953125,2796.883544921875
2024-11-29,2504.74365234375,2964.540283203125,50101.4296875,8546.490234375,2793.04296875,63691.73046875,17460.671875,3761.299072265625,1251.117431640625,2734.35546875
2024-12-02,2566.649658203125,2971.44140625,49434.84765625,8590.1435546875,2790.11962890625,64223.1484375,17533.041015625,3754.451416015625,1259.1558837890625,2727.904296875
2024-12-03,2603.989990234375,3026.650390625,50669.984375,8672.6015625,2787.195556640625,65492.6484375,17754.978515625,3785.7548828125,1255.618896484375,2846.5087890625
2024-12-04,2539.13623046875,3125.23828125,51885.51171875,8907.36328125,2735.544677734375,64843.140625,17619.884765625,3922.707275390625,1248.866455078125,2830.628662109375
2024-12-05,2545.03173828125,3122.28076171875,52061.9609375,9016.982421875,2738.46826171875,64685.6796875,17504.091796875,3875.752197265625,1242.1142578125,2781.499755859375
2024-12-06,2483.125732421875,3099.605712890625,51640.4453125,8787.0712890625,2708.257568359375,63839.34375,17571.642578125,3881.621337890625,1248.2235107421875,2786.462158203125
2024-12-09,2533.240234375,3160.730224609375,52610.90625,8940.345703125,2723.85009765625,63760.61328125,17513.7421875,3950.09765625,1253.046630859375,2802.838623046875
2024-12-10,2508.67431640625,3290.8662109375,52738.34765625,8766.69921875,2728.722900390625,64557.74609375,17812.875,3883.577880859375,1237.934326171875,2815.244873046875
2024-12-11,2556.823486328125,3314.52734375,52934.3984375,8830.7255859375,2735.544677734375,64164.1015625,17653.66015625,3908.03369140625,1258.83447265625,2805.816162109375
2024-12-12,2589.25048828125,3413.115478515625,53395.125,8865.6494140625,2792.5556640625,64715.203125,17629.537109375,3908.03369140625,1257.8697509765625,2836.583740234375
2024-12-13,2566.649658203125,3310.58349609375,52189.39453125,8851.09765625,2770.628173828125,63435.859375,17330.404296875,3871.8388671875,1258.1912841796875,2795.394775390625
2024-12-16,2548.96240234375,3277.06396484375,51738.47265625,8909.3037109375,2731.159423828125,63189.83203125,17436.546875,3783.79833984375,1250.15283203125,2777.033447265625
2024-12-17,2577.458984375,3332.273193359375,52375.64453125,9206.150390625,2700.461181640625,63386.65234375,17518.568359375,3857.16552734375,1265.9083251953125,2794.40234375
2024-12-18,2609.885986328125,3244.530029296875,51454.1953125,8987.880859375,2692.6650390625,63396.4921875,17296.6328125,3862.056884765625,1262.0499267578125,2798.868408203125
2024-12-19,2642.31298828125,3213.967529296875,51679.66015625,9128.54296875,2709.232177734375,63435.859375,17122.94140625,3653.693603515625,1273.3037109375,2742.295654296875
2024-12-20,2647.226318359375,3237.62890625,51728.671875,8857.888671875,2737.981201171875,63160.30859375,17040.919921875,3588.152099609375,1274.9112548828125,2729.39306640625
2024-12-23,2694.392822265625,3254.388671875,52130.58203125,8896.69140625,2737.493896484375,62963.48046875,16983.0234375,3595.97802734375,1265.2650146484375,2721.94921875
2024-12-24,2678.670654296875,3251.430908203125,51826.69921875,8951.9873046875,2669.27587890625,62638.7265625,17011.974609375,3620.43359375,1255.618896484375,2687.707763671875
2024-12-25,2698.323486328125,3258.332275390625,51963.93359375,8924.82421875,2639.06494140625,62392.69921875,17103.642578125,3607.716552734375,1247.5804443359375,2679.767822265625
2024-12-26,2712.08056640625,3302.69677734375,52199.19921875,8983.029296875,2678.046630859375,62806.02734375,17672.958984375,3579.34814453125,1247.2589111328125,2709.54296875
2024-12-27,2743.52490234375,3368.750732421875,53610.78515625,9070.337890625,2743.341064453125,63534.265625,17996.21484375,3697.714111328125,1267.4697265625,2821.696044921875
2024-12-30,2696.35791015625,3321.428466796875,52757.953125,8986.91015625,2728.235595703125,63603.15625,18005.86328125,3645.86767578125,1263.58935546875,2833.606201171875
2025-01-06,2648.208740234375,3254.388671875,50532.7421875,8798.7119140625,2710.69384765625,62186.03515625,18145.783203125,3615.54248046875,1230.60498046875,2784.47705078125
2025-01-07,2673.757568359375,3293.82373046875,51032.68359375,8884.080078125,2815.457275390625,64223.1484375,18454.5625,3640.976806640625,1230.1199951171875,2864.8701171875
2025-01-08,2609.885986328125,3243.543701171875,50787.61328125,8636.70703125,2787.195556640625,63613.0,18112.009765625,3621.411865234375,1213.1427001953125,2911.021728515625
2025-01-09,2595.146240234375,3199.179443359375,51071.890625,8846.2470703125,2770.628173828125,61733.34375,17793.578125,3612.607666015625,1196.6505126953125,2906.555419921875
2025-01-10,2574.51123046875,3189.32080078125,47738.984375,8971.3896484375,2734.0830078125,62441.90625,17740.505859375,3599.890869140625,1187.4344482421875,2893.15673828125
2025-01-14,2515.552734375,3110.4501953125,46778.3203125,9052.8759765625,2597.159423828125,61133.03125,17576.46484375,3542.175048828125,1184.0389404296875,2836.583740234375
2025-01-15,2532.257568359375,3160.730224609375,47386.08984375,9278.9072265625,2621.035888671875,63426.015625,17624.7109375,3540.21875,1190.3448486328125,2840.0576171875
2025-01-16,2513.587646484375,3152.843017578125,47288.06640625,9303.1591796875,2601.545166015625,63849.18359375,17595.763671875,3715.322265625,1179.67333984375,2807.304931640625
2025-01-17,2506.708984375,3168.6171875,47111.61328125,8906.3935546875,2607.87939453125,65226.93359375,17764.62890625,3691.8447265625,1181.128662109375,2778.522216796875
2025-01-20,2546.997314453125,3193.264404296875,47542.93359375,8634.767578125,2653.68310546875,66594.8515625,18073.408203125,3718.2568359375,1188.8895263671875,2776.537109375
2025-01-21,2526.361572265625,3189.32080078125,48062.4765625,8773.490234375,2667.813720703125,66112.640625,18063.76171875,3746.62548828125,1201.0162353515625,2772.07080078125
2025-01-22,2565.667236328125,3228.755859375,48131.09375,9122.7236328125,2691.203125,66644.0625,18189.205078125,3691.8447265625,1189.859619140625,2818.71875
2025-01-23,2551.910400390625,3288.89453125,48591.81640625,9273.0869140625,2671.7119140625,66968.8203125,18208.50390625,3626.30322265625,1175.307861328125,2924.420654296875
2025-01-24,2532.257568359375,3205.0947265625,48738.859375,9594.1865234375,2708.257568359375,67451.03125,18222.978515625,3668.366943359375,1184.0389404296875,2832.117431640625
2025-01-27,2543.066650390625,3214.95361328125,49013.33203125,9500.087890625,2734.0830078125,67155.796875,18411.140625,3568.58740234375,1195.1954345703125,2785.9658203125
2025-01-28,2605.955322265625,3309.597900390625,48640.83203125,9943.4189453125,2741.39208984375,67401.8359375,18309.822265625,3615.54248046875,1202.471435546875,2690.685302734375
2025-01-29,2640.34765625,3434.8046875,49258.39453125,9885.212890625,2830.562744140625,68011.984375,18203.677734375,3571.522216796875,1202.9564208984375,2721.94921875
2025-01-30,2577.458984375,3403.256591796875,49650.5078125,10113.1845703125,2843.232177734375,65965.0234375,17701.90625,3611.629638671875,1189.3746337890625,2688.7001953125
2025-01-31,3051.09033203125,3391.42578125,50023.0078125,9924.017578125,2941.173583984375,66181.53125,17726.03125,3554.89208984375,1178.7032470703125,2669.346435546875
2025-02-03,3005.888916015625,3332.273193359375,48229.12109375,9870.6630859375,2972.359130859375,62589.52734375,17151.888671875,3480.546630859375,1139.8983154296875,2534.365478515625
2025-02-04,2998.02783203125,3425.931640625,47248.85546875,10088.931640625,2972.359130859375,61014.9453125,17397.94921875,3420.87451171875,1125.831298828125,2541.31298828125
2025-02-05,2957.73974609375,3463.395263671875,47288.06640625,10379.958984375,2968.4609375,61369.22265625,17137.4140625,3419.896240234375,1129.226806640625,2540.81689453125
2025-02-06,3031.437744140625,3467.3388671875,48150.69921875,10670.9853515625,2971.384521484375,61802.234375,16162.8212890625,3556.8486328125,1133.107421875,2577.53955078125
2025-02-07,3047.15966796875,3433.819091796875,47895.82421875,10481.8173828125,2914.861083984375,62097.46484375,15786.4921875,3546.088134765625,1139.4130859375,2598.382080078125
2025-02-10,2994.097412109375,3380.581298828125,47327.27734375,10607.9296875,2885.624755859375,61408.5859375,15805.791015625,3535.327392578125,1151.5396728515625,2637.08984375
2025-02-12,3013.75,3324.385986328125,48003.66015625,10651.583984375,2945.07177734375,62550.15625,15627.27734375,3538.26220703125,1154.9351806640625,2720.46044921875
2025-02-13,3047.15966796875,3361.849609375,49405.4453125,10913.5087890625,3029.85693359375,63288.23828125,15979.4814453125,3242.83642578125,1167.061767578125,2704.580322265625
2025-02-14,3024.558837890625,3652.68408203125,48640.83203125,10908.658203125,3000.62060546875,62510.79296875,15887.8115234375,3186.09912109375,1148.6292724609375,2674.308837890625
2025-02-17,3036.3505859375,3802.537841796875,48817.27734375,11054.1708984375,3023.03515625,63780.296875,15738.2451171875,3167.512939453125,1120.980712890625,2637.08984375
2025-02-18,3065.829833984375,3728.596923828125,48229.12109375,11107.525390625,3026.933349609375,63967.28125,15564.5546875,3186.09912109375,1093.8172607421875,2630.638671875
2025-02-19,3073.691162109375,3719.723876953125,47199.8359375,11408.25390625,2988.92626953125,62756.8203125,15424.638671875,3146.9697265625,1098.1827392578125,2759.66455078125
2025-02-20,3005.888916015625,3679.302978515625,46592.078125,11146.330078125,2899.268310546875,61782.546875,15390.865234375,3063.8203125,1091.876953125,2757.183349609375
2025-02-21,2970.51416015625,3759.158935546875,46052.92578125,11112.376953125,2884.16259765625,61703.8203125,15410.1640625,3116.64453125,1082.660888671875,2800.357177734375
2025-02-25,2900.74658203125,3743.385009765625,44660.94921875,10971.7138671875,2867.108154296875,60788.59375,15612.8017578125,3182.18603515625,1110.3094482421875,2778.02587890625
2025-02-26,2902.712158203125,3751.272216796875,45356.9375,10772.845703125,2845.668212890625,60089.87890625,15381.2158203125,3171.42578125,1121.950927734375,2761.6494140625
2025-02-27,2930.22607421875,3764.088623046875,45544.1640625,11059.021484375,2866.62109375,60345.7421875,15530.7822265625,3124.470458984375,1112.2496337890625,2771.078369140625
2025-02-28,2842.771240234375,3686.203857421875,44805.125,10826.2001953125,2805.712158203125,58466.09375,15149.62890625,3035.451171875,1095.7574462890625,2664.3837890625
2025-03-03,2987.218994140625,3660.5712890625,46283.1953125,10734.041015625,2922.170166015625,59440.36328125,15419.8134765625,3071.646240234375,1090.4217529296875,2660.91015625
2025-03-04,3024.558837890625,3576.771240234375,45721.53125,10797.0986328125,2929.47900390625,59893.0546875,15704.47265625,3080.4501953125,1113.7047119140625,2591.930908203125
2025-03-05,3041.26416015625,3532.40673828125,46499.9765625,10840.7509765625,3046.424072265625,61113.35546875,15921.583984375,3049.146728515625,1114.18994140625,2643.541259765625
2025-03-06,3091.37841796875,3674.37353515625,47041.9375,11044.4697265625,3144.853515625,60139.08203125,16346.16015625,3035.451171875,1114.6749267578125,2663.391357421875
2025-03-07,2984.270751953125,3518.6044921875,45327.37890625,10025.8759765625,3032.781005859375,59361.6328125,16375.1064453125,3046.2119140625,1120.4957275390625,2674.80517578125
2025-03-10,2888.955078125,3409.171875,44992.3515625,9705.7470703125,2954.817138671875,59893.0546875,16433.005859375,3144.035400390625,1184.52392578125,2670.3388671875
2025-03-11,2800.517822265625,3341.146240234375,45130.3046875,9754.251953125,2807.660888671875,59676.55078125,16577.74609375,3049.146728515625,1172.882568359375,2624.68359375
2025-03-12,2859.47607421875,3461.42333984375,45140.15625,9856.1103515625,2892.933837890625,59617.5078125,16625.994140625,3060.885498046875,1158.3306884765625,2674.80517578125
2025-03-13,2878.146240234375,3439.734130859375,45002.19921875,9875.51171875,2914.373291015625,59174.65234375,16191.76953125,3046.2119140625,1158.3306884765625,2630.638671875
2025-03-14,2984.270751953125,3468.324462890625,44992.3515625,9957.9697265625,2897.319091796875,60424.47265625,16042.203125,2939.584716796875,1184.52392578125,2665.87255859375
2025-03-17,3057.96875,3538.322021484375,44755.859375,9977.3720703125,2951.8935546875,60099.71484375,16129.046875,2911.216064453125,1135.047607421875,2674.80517578125
2025-03-18,3109.06591796875,3599.446533203125,45248.546875,9962.8203125,3010.3662109375,60282.30078125,16582.568359375,2920.99853515625,1165.606689453125,2699.617919921875
2025-03-19,3082.53466796875,3630.009033203125,44952.9375,10234.4453125,3002.56982421875,60134.26171875,16418.533203125,2899.477294921875,1148.1444091796875,2768.100830078125
2025-03-21,3078.604248046875,3728.596923828125,44677.02734375,10569.126953125,2950.9189453125,60499.4296875,16505.375,2836.870361328125,1144.748779296875,2698.129150390625
2025-03-24,3094.326416015625,3710.85107421875,44617.90234375,10370.2587890625,2981.129638671875,60341.51953125,16312.38671875,2801.654052734375,1136.0177001953125,2691.677734375
2025-03-25,3087.447998046875,3712.82275390625,44874.1015625,10443.015625,2914.373291015625,60302.04296875,16601.869140625,2814.371337890625,1149.5994873046875,2669.8427734375
2025-03-26,3122.822998046875,3797.608642578125,45524.45703125,10991.115234375,2914.373291015625,60637.6015625,16582.568359375,2812.41455078125,1146.2039794921875,2684.730224609375
2025-03-27,3144.44091796875,3807.467529296875,45820.06640625,10700.0888671875,3023.03515625,61022.50390625,16519.849609375,2824.153564453125,1180.158447265625,2649.0
2025-03-28,3181.9453125,3786.710205078125,45071.17578125,10592.55078125,3057.299072265625,59423.6640625,16354.4072265625,2851.8857421875,1175.79296875,2603.0
2025-03-31,3103.9755859375,3721.47314453125,43415.7421875,9883.7734375,2888.917236328125,57716.2578125,15707.2392578125,2916.79052734375,1153.9649658203125,2492.0
2025-04-01,3139.50634765625,3721.47314453125,43790.1875,9976.6474609375,2903.601806640625,57124.09375,15570.9931640625,2821.39990234375,1163.1812744140625,2481.0
2025-04-02,3110.884521484375,3647.34033203125,45425.9140625,10186.8369140625,2894.3017578125,57064.87890625,15580.7236328125,2799.764892578125,1136.502685546875,2449.0
2025-04-03,3056.601806640625,3471.39794921875,44637.61328125,9854.4443359375,2808.642578125,54854.1328125,15395.818359375,2897.12255859375,1154.4500732421875,2309.5
2025-04-04,2941.621337890625,3306.328857421875,44243.4609375,9753.7490234375,2750.394287109375,53975.75390625,15570.9931640625,3050.534423828125,1165.606689453125,2181.0
2025-04-07,2635.171875,2974.213134765625,41040.984375,8988.2705078125,2570.26513671875,49929.30078125,14753.515625,2926.624755859375,1125.831298828125,1907.0
2025-04-08,2770.384765625,3180.796875,43169.3984375,9620.7919921875,2603.550048828125,52929.59765625,15220.6455078125,3073.152587890625,1163.666259765625,2018.5
2025-04-09,2678.1044921875,3071.080078125,41996.80078125,9194.548828125,2556.559814453125,51646.57421875,14889.7626953125,3100.688232421875,1166.0916748046875,1880.5
2025-04-10,3012.188720703125,3486.224609375,45800.359375,10269.9345703125,2801.30029296875,57637.30078125,15906.7421875,3228.53125,1194.7103271484375,2162.0
2025-04-11,2915.960693359375,3228.241943359375,44864.25,9815.33984375,2711.72509765625,55367.33984375,15390.953125,3200.012451171875,1190.3448486328125,2087.5
2025-04-14,2924.349853515625,3255.918212890625,44746.00390625,10118.40234375,2731.794189453125,55771.984375,15425.0146484375,3327.85546875,1225.75439453125,2142.5
2025-04-15,2967.775634765625,3327.085693359375,45721.53125,10074.41015625,2796.405517578125,56650.359375,15395.818359375,3295.403076171875,1207.80712890625,2146.0
2025-04-16,3029.9541015625,3301.38623046875,45189.42578125,9815.33984375,2808.15283203125,56788.53515625,15425.0146484375,3378.992919921875,1224.2991943359375,2064.5
2025-04-17,3126.675537109375,3398.25341796875,45130.3046875,10113.5146484375,2808.15283203125,56906.96484375,15887.2783203125,3319.0048828125,1236.4259033203125,2095.0
2025-04-18,3192.8017578125,3425.9296875,46381.73046875,10137.955078125,2862.974853515625,57390.5703125,15828.8876953125,3402.5947265625,1268.9249267578125,2129.0
2025-04-21,3210.567138671875,3337.958740234375,45573.72265625,10015.7529296875,2858.569580078125,57331.3515625,15570.9931640625,3500.935546875,1293.1781005859375,2090.0
2025-04-22,3182.93212890625,3308.305419921875,45268.25390625,9947.318359375,2818.921630859375,56531.9296875,15478.5400390625,3488.151123046875,1311.610595703125,2094.0
2025-04-23,3165.1669921875,3496.10888671875,45820.06640625,10181.9482421875,2879.127685546875,57982.73046875,15760.7646484375,3398.660888671875,1300.939208984375,2184.0
2025-04-24,3105.94970703125,3487.213134765625,45573.72265625,10753.8583984375,2877.169677734375,59009.15234375,15556.3955078125,3235.415283203125,1279.5963134765625,2232.0
2025-04-25,3161.21923828125,3494.1318359375,46066.41015625,11144.908203125,3015.20361328125,60509.296875,15595.322265625,3253.116455078125,1277.6561279296875,2510.5
2025-04-28,3202.671142578125,3479.305419921875,47258.71484375,11179.125,3078.8359375,60094.78125,15687.775390625,3339.656494140625,1285.9022216796875,2550.5
2025-04-30,3430.657958984375,3727.40380859375,46293.046875,11565.2861328125,3084.7099609375,59058.49609375,15858.083984375,3358.34130859375,1285.9022216796875,2533.0
2025-05-01,3475.071044921875,3620.65234375,46371.87890625,11873.2373046875,3122.889404296875,61121.19921875,16008.9267578125,3259.016845703125,1301.909423828125,2564.0
2025-05-02,3449.41015625,3688.854736328125,47288.27734375,12083.4267578125,3087.646728515625,62019.3203125,16797.20703125,3300.320068359375,1302.87939453125,2618.5
2025-05-07,3552.053466796875,3539.600341796875,46687.1953125,12073.650390625,3147.36328125,62601.609375,16446.861328125,3398.660888671875,1258.73876953125,2621.5
2025-05-08,3630.02294921875,3459.53662109375,46775.8828125,11751.0341796875,3197.29052734375,62374.61328125,16456.59375,3456.68212890625,1258.253662109375,2580.0
2025-05-09,3714.9013671875,3541.577392578125,48017.45703125,11555.509765625,3287.35498046875,62275.91796875,15570.9931640625,3457.66552734375,1255.3431396484375,2609.0
2025-05-12,3688.25341796875,3550.47314453125,47948.484375,11320.8798828125,3258.965087890625,62591.7421875,15716.9716796875,3354.40771484375,1174.337646484375,2663.5
2025-05-13,3620.153564453125,3611.756103515625,48776.19921875,11736.3701171875,3218.82763671875,63430.640625,16296.017578125,3193.128662109375,1160.7559814453125,2765.5
2025-05-14,3605.349365234375,3744.207275390625,48244.09765625,11438.1943359375,3192.395751953125,62759.5234375,15867.8154296875,3035.783203125,1129.226806640625,2794.0
2025-05-15,3605.349365234375,3639.4326171875,47514.9140625,11188.9013671875,3238.40673828125,62423.9609375,15673.177734375,3047.584228515625,1116.615234375,2861.5
2025-05-16,3628.04931640625,3561.34619140625,48283.5078125,11379.5380859375,3245.259521484375,63114.8203125,15600.1884765625,3056.434814453125,1122.43603515625,2797.0
2025-05-19,3620.153564453125,3568.264892578125,47761.26171875,11359.9853515625,3255.04931640625,63233.25390625,15512.6025390625,3016.114990234375,1124.376220703125,2787.5
2025-05-20,3587.583984375,3733.33447265625,47307.984375,11271.998046875,3173.79541015625,62285.7890625,15449.3447265625,2995.46337890625,1107.884033203125,2766.5
2025-05-21,3588.571044921875,3628.559814453125,46490.12109375,11012.9287109375,3131.699951171875,61288.98046875,15439.6123046875,3011.197998046875,1104.4886474609375,2732.5
2025-05-22,3587.583984375,3611.756103515625,45977.73046875,10949.3828125,3129.7421875,60598.12109375,15356.8916015625,2970.8779296875,1099.637939453125,2675.0
2025-05-23,3706.018798828125,3640.421142578125,46381.73046875,11535.95703125,3250.154541015625,60529.0390625,15395.818359375,2935.475341796875,1097.212646484375,2707.5
2025-05-26,3740.562255859375,3696.761962890625,46470.4140625,11697.2646484375,3265.81787109375,61101.4609375,15580.7236328125,2934.491943359375,1098.667724609375,2768.0
2025-05-27,3742.536376953125,3764.964599609375,46598.515625,11931.89453125,3278.544189453125,61210.0234375,15712.10546875,2947.2763671875,1090.4217529296875,2789.5
2025-05-28,3702.071044921875,3776.82568359375,46608.37109375,11878.125,3247.217529296875,60588.2578125,15712.10546875,2893.18896484375,1089.936767578125,2812.5
2025-05-29,3741.549072265625,3924.10302734375,47889.35546875,12054.09765625,3269.733642578125,61594.93359375,16008.9267578125,2844.018310546875,1088.4815673828125,2847.5
2025-05-30,3735.62744140625,3765.952880859375,47643.01953125,11570.173828125,3248.196533203125,59946.7421875,16140.306640625,2826.317138671875,1113.2197265625,2810.0
2025-06-02,3759.314453125,3758.04541015625,47101.0546875,11482.1875,3388.18798828125,58693.328125,15809.423828125,2791.897705078125,1116.615234375,2747.0
2025-06-03,3776.0927734375,3789.67529296875,47485.35546875,11433.306640625,3335.32421875,58693.328125,15984.59765625,2799.764892578125,1099.637939453125,2741.5
2025-06-04,3727.7314453125,3804.501953125,48352.48828125,11819.4677734375,3285.397216796875,58722.94140625,16111.1123046875,2799.764892578125,1121.950927734375,2760.0
2025-06-05,3732.66650390625,3746.18408203125,47978.04296875,11584.837890625,3282.460205078125,57489.26171875,15935.9375,2868.603515625,1109.8243408203125,2712.0
2025-06-06,3799.779541015625,3788.686767578125,48106.140625,11638.607421875,3305.955322265625,57321.48046875,15843.4853515625,2819.43310546875,1105.94384765625,2702.5
2025-06-09,3903.40966796875,3788.686767578125,48214.53515625,11809.69140625,3398.95654296875,57716.2578125,15872.6806640625,2819.43310546875,1104.0035400390625,2725.0
2025-06-10,3857.02294921875,3756.068603515625,47879.50390625,11834.1318359375,3400.91455078125,59265.75,16125.708984375,2816.48291015625,1112.7347412109375,2841.0
2025-06-11,3831.362060546875,3703.68115234375,47721.84375,11403.9775390625,3405.809326171875,59561.8359375,16047.8544921875,2821.39990234375,1125.3463134765625,2894.5
2025-06-12,3839.2578125,3730.368896484375,46490.12109375,11531.0693359375,3382.314208984375,58624.23828125,16042.9892578125,2885.32177734375,1132.13720703125,2877.0
2025-06-13,3896.50146484375,3691.81982421875,45741.23828125,11550.6220703125,3395.040771484375,57222.78515625,16140.306640625,2833.20068359375,1101.5782470703125,2859.5
2025-06-16,3983.353271484375,3692.808349609375,46214.21875,11677.7119140625,3391.125,57124.09375,15838.6201171875,2813.53271484375,1099.637939453125,2887.5
2025-06-17,4061.32275390625,3707.635009765625,45721.53125,12161.6357421875,3433.220458984375,56245.71875,15668.3125,2744.694091796875,1099.1529541015625,2931.5
2025-06-18,4095.8662109375,3739.264892578125,46628.078125,12963.287109375,3420.494140625,57193.1796875,15785.09375,2757.478515625,1091.391845703125,2877.5
2025-06-19,4100.80126953125,3647.34033203125,46194.51171875,12977.951171875,3408.746337890625,55663.42578125,15624.5185546875,2749.611083984375,1059.8629150390625,2870.0
2025-06-20,4040.5966796875,3565.299560546875,45356.9375,12445.146484375,3338.260986328125,55446.296875,15629.3837890625,2682.739501953125,1055.4971923828125,2872.0
2025-06-23,3941.901123046875,3489.18994140625,45682.11328125,12386.4892578125,3270.712646484375,55140.34375,15892.14453125,2648.320068359375,1039.005126953125,2869.0
2025-06-24,4029.740234375,3542.565673828125,46125.53515625,12596.6787109375,3301.060546875,55337.734375,15984.59765625,2671.921630859375,1046.76611328125,2887.0
2025-06-25,4035.662109375,3587.04541015625,45879.1875,13056.162109375,3297.144775390625,54656.7421875,15965.1328125,2651.270263671875,1039.005126953125,2917.0
2025-06-26,4085.99658203125,3630.536865234375,47593.74609375,13119.70703125,3308.892333984375,56285.1953125,15780.2275390625,2667.0048828125,1016.2071533203125,2887.0
2025-06-27,4135.3447265625,3746.18408203125,48451.02734375,13325.0078125,3389.1669921875,57666.91015625,15906.7421875,2702.40771484375,1021.0997924804688,2778.0
2025-06-30,4163.9658203125,3686.877685546875,48795.90625,13569.4140625,3441.05224609375,57084.61328125,16568.509765625,2737.810302734375,1018.1642456054688,2805.0
2025-07-01,4119.55322265625,3597.918212890625,46766.03125,13129.4833984375,3410.704345703125,55910.15625,16378.73828125,2688.64013671875,1016.2071533203125,2743.5
2025-07-02,4030.727294921875,3633.501708984375,47317.83984375,12709.1044921875,3325.534423828125,55268.64453125,17132.958984375,2733.87646484375,1029.4173583984375,2709.0
2025-07-03,3947.82275390625,3614.7216796875,47248.8671875,12816.6435546875,3298.12353515625,55298.25390625,17142.689453125,2674.871826171875,1044.0953369140625,2720.0
2025-07-04,3885.64453125,3645.36328125,46963.10546875,12904.6298828125,3382.314208984375,56255.58203125,17424.9140625,2661.104248046875,1033.8206787109375,2659.0
2025-07-07,3972.49658203125,3640.421142578125,46864.56640625,12904.6298828125,3380.3564453125,56058.19921875,17429.779296875,2664.054443359375,1025.992431640625,2636.0
2025-07-08,3936.966552734375,3628.559814453125,46825.15234375,12753.09765625,3327.492431640625,55989.11328125,17673.076171875,2627.66845703125,1008.3788452148438,2655.5
2025-07-09,3873.80126953125,3628.559814453125,46470.4140625,12694.4404296875,3217.8486328125,55544.98828125,17609.8203125,2674.871826171875,1025.503173828125,2678.0
2025-07-10,3815.57080078125,3565.299560546875,46056.5546875,12396.265625,3189.458984375,54755.4375,17624.41796875,2644.38623046875,1006.4218139648438,2666.5
2025-07-11,3748.457763671875,3558.380615234375,42863.93359375,12401.1533203125,3119.952392578125,54854.1328125,18583.0078125,2673.888671875,1012.7822875976562,2708.5
2025-07-14,3797.8056640625,3547.5078125,43494.57421875,12210.5166015625,3139.531494140625,54212.6171875,18373.7734375,2594.232421875,994.1901245117188,2665.5
2025-07-15,3829.38818359375,3524.7734375,44263.16796875,12244.734375,3125.826171875,55012.04296875,17896.91015625,2565.7138671875,999.0828247070312,2706.5
2025-07-16,3835.31005859375,3499.07421875,43859.1640625,12410.9296875,3137.57373046875,54873.87109375,17721.73828125,2585.3818359375,982.9369506835938,2703.0
2025-07-17,3998.15771484375,3590.9990234375,43869.015625,12694.4404296875,3194.353759765625,55209.43359375,17566.025390625,2602.099609375,986.8511352539062,2721.0
2025-07-18,3978.418701171875,3523.78515625,43662.08984375,12679.7763671875,3165.963623046875,54893.60546875,17580.625,2577.5146484375,991.2545776367188,2742.5
2025-07-22,3936.966552734375,3498.0859375,43790.1875,12562.4609375,3106.2470703125,53837.58203125,17814.189453125,2509.6591796875,982.4476928710938,2721.0
2025-07-23,3945.848876953125,3649.317138671875,46194.51171875,12650.4482421875,3110.162841796875,57005.6640625,18490.5546875,2606.033447265625,1015.7178955078125,2898.0
2025-07-24,4078.1005859375,3743.21875,47307.984375,12904.6298828125,3181.626953125,58851.23828125,19108.529296875,2604.066650390625,1014.2501220703125,2931.5
2025-07-25,4117.5791015625,3663.155029296875,46726.6171875,12591.7900390625,3220.78564453125,56906.96484375,18660.86328125,2584.3984375,998.593505859375,2970.0
2025-07-28,3990.261962890625,3595.94140625,46352.171875,12557.5732421875,3147.36328125,57351.08984375,18728.984375,2559.8134765625,1012.2930297851562,2943.0
2025-07-29,4036.649169921875,3563.32275390625,46135.390625,12528.244140625,3152.25830078125,56581.2734375,18685.193359375,2545.062255859375,1022.5676879882812,2885.5
2025-07-30,4283.38818359375,3599.89501953125,45573.72265625,12430.482421875,3259.94384765625,53886.9296875,18344.576171875,2535.228271484375,1028.9281005859375,2874.5
2025-07-31,4341.6181640625,3639.4326171875,45701.8203125,12406.0419921875,3235.469970703125,54479.09375,18125.607421875,2546.045654296875,1023.546142578125,2913.0
2025-08-01,4469.92236328125,3637.455810546875,46224.07421875,12313.16796875,3344.134765625,56087.80859375,18295.91796875,2528.34423828125,1030.39599609375,2902.0
2025-08-04,4412.6787109375,3575.18408203125,44854.39453125,12943.734375,3349.02978515625,56048.328125,18111.01171875,2475.239990234375,1031.8636474609375,2833.0
2025-08-05,4399.8486328125,3586.056884765625,44499.66015625,13114.818359375,3430.283447265625,55683.16015625,18023.423828125,2379.849609375,1011.8037719726562,2892.0
2025-08-06,4480.77880859375,3664.1435546875,44529.22265625,13178.3642578125,3456.715576171875,55051.51953125,18568.408203125,2430.00341796875,1010.8251953125,2884.5
2025-08-07,4620.9267578125,3815.374755859375,44489.80859375,13447.2099609375,3451.82080078125,54765.3046875,19040.404296875,2451.638427734375,1002.0184326171875,2909.5
2025-08-08,4565.6572265625,3948.81396484375,45603.28515625,14033.78515625,3430.283447265625,54824.5234375,19512.400390625,2622.75146484375,987.8296508789062,2882.0
2025-08-12,4560.72265625,3945.848388671875,47416.37890625,13867.5888671875,3510.558349609375,56413.49609375,19454.01171875,2582.431640625,984.89404296875,2874.0
2025-08-13,4544.93115234375,4082.253173828125,47928.77734375,13955.5751953125,3457.6943359375,55870.6796875,19551.326171875,2618.81787109375,988.3189086914062,2895.0
2025-08-14,4472.88330078125,4022.947265625,46677.34375,13862.7001953125,3413.641357421875,54715.95703125,19273.96875,2696.507080078125,978.5335693359375,2912.5
2025-08-15,4520.25732421875,4242.38037109375,48520.0,14077.7783203125,3426.36767578125,54715.95703125,19317.763671875,2676.8388671875,965.71484375,2884.0
2025-08-18,4658.43115234375,4134.64111328125,49140.7890625,14327.072265625,3490.000244140625,55910.15625,19327.494140625,2750.5947265625,975.8915405273438,2986.0
2025-08-19,4581.4482421875,4119.81396484375,48520.0,13955.5751953125,3509.579345703125,56028.58984375,19210.712890625,2815.49951171875,987.8296508789062,3120.0
2025-08-20,4551.83984375,4080.2763671875,48263.8046875,13510.755859375,3493.916015625,56285.1953125,19424.814453125,2775.179931640625,1007.8895874023438,3057.0
2025-08-21,4483.73974609375,4046.66943359375,48115.99609375,13378.77734375,3480.21044921875,55781.85546875,19410.21484375,2726.992919921875,987.3404541015625,3104.0
2025-08-22,4575.5263671875,4172.201171875,47731.69921875,13452.0986328125,3517.4111328125,55584.46875,18957.68359375,2707.324462890625,992.7222900390625,3104.0
2025-08-25,4522.2314453125,4125.74462890625,47800.67578125,13442.322265625,3495.873779296875,56571.40625,19273.96875,2714.20849609375,979.5121459960938,3275.0
2025-08-26,4545.91796875,4048.646484375,47110.91015625,13222.357421875,3491.9580078125,55920.02734375,18845.767578125,2625.70166015625,953.972412109375,3235.0
2025-08-27,4496.5703125,4049.634765625,46637.9296875,13075.7138671875,3516.43212890625,55831.19921875,18529.48046875,2654.220458984375,951.8196411132812,3228.0
2025-08-28,4424.5224609375,4095.103271484375,46657.74609375,13129.4833984375,3416.578125,56531.9296875,18247.255859375,2616.85107421875,957.2015991210938,3231.0
2025-08-29,4477.81787109375,4035.796630859375,46092.9765625,13012.1689453125,3500.768798828125,56038.4609375,18101.279296875,2666.021240234375,962.4856567382812,3211.0
2025-09-01,4356.42236328125,3974.513427734375,45785.82421875,12855.7490234375,3447.905029296875,56225.9765625,17935.8359375,2653.23681640625,960.8222045898438,3170.0
2025-09-02,4342.60498046875,3967.594482421875,46013.71484375,12816.6435546875,3477.2734375,56393.7578125,17712.00390625,2663.071044921875,965.71484375,3172.0
2025-09-03,4278.453125,3943.871826171875,46241.6015625,12811.755859375,3401.8935546875,56897.09765625,17400.583984375,2632.58544921875,974.9130249023438,3120.0
2025-09-04,4372.2138671875,4057.542236328125,47381.046875,13002.392578125,3464.547119140625,55732.5078125,17712.00390625,2667.0048828125,981.95849609375,2420.0
2025-09-05,4365.3046875,4044.692626953125,48044.89453125,12973.0634765625,3448.8837890625,55949.63671875,17926.107421875,2801.73193359375,964.8341064453125,2531.0
2025-09-08,4399.8486328125,4135.62939453125,48728.5625,13481.427734375,3569.296142578125,55160.08203125,18164.53515625,2798.781494140625,971.8795776367188,2536.5
2025-09-09,4349.51416015625,4168.24755859375,47955.71875,13432.5458984375,3522.3056640625,54587.65625,18038.021484375,2739.777099609375,970.9010620117188,2466.5
2025-09-10,4459.06591796875,4226.5654296875,47846.73046875,13481.427734375,3659.360595703125,55002.16796875,17648.74609375,2786.980712890625,955.048828125,2469.0
2025-09-11,4517.2958984375,4205.80810546875,47509.85546875,13833.3720703125,3695.582275390625,54992.3046875,17624.41796875,2800.748291015625,955.048828125,2502.5
2025-09-12,4564.669921875,4236.44921875,47876.45703125,13921.3583984375,3700.47705078125,55475.90625,17244.875,2795.831298828125,958.1801147460938,2601.5
2025-09-16,4566.64404296875,4172.201171875,46925.265625,13466.7626953125,3629.99169921875,55929.8984375,17171.88671875,2796.814697265625,964.8341064453125,2671.0
2025-09-17,4472.88330078125,4217.6689453125,47143.24609375,13232.1337890625,3603.559814453125,55702.8984375,17191.349609375,2852.869384765625,967.2804565429688,2691.0
2025-09-18,4588.35693359375,4381.75048828125,47430.5859375,12821.5322265625,3614.328369140625,56253.33203125,17176.75,2822.38330078125,969.0418090820312,2691.0
2025-09-19,4623.8876953125,4271.04541015625,45300.3203125,12513.580078125,3587.896484375,55271.4765625,16913.990234375,2868.603515625,949.5690307617188,2680.0
2025-09-22,4614.01806640625,4168.041015625,46172.24609375,12410.9296875,3606.496826171875,55539.2578125,16777.744140625,2808.615478515625,956.2230224609375,2731.0
2025-09-24,4703.83056640625,4103.47900390625,45270.59765625,12806.8671875,3553.6328125,55291.31640625,16719.353515625,2800.748291015625,952.89599609375,2642.0
2025-09-25,4681.130859375,4234.501953125,44973.3515625,12547.796875,3564.4013671875,54924.359375,16792.341796875,2792.881103515625,953.6788330078125,2662.5
2025-09-26,4643.62646484375,4182.28271484375,45161.609375,12709.1044921875,3517.4111328125,55112.796875,16996.7109375,2778.130126953125,961.7028198242188,2636.5
2025-09-29,4551.5263671875,4231.15771484375,44973.3515625,12554.1396484375,3429.918212890625,53773.90234375,16814.955078125,2763.693603515625,935.8695068359375,2560.0
2025-09-30,4693.142578125,4222.23583984375,44626.5625,12559.0439453125,3425.0029296875,54726.0078125,16780.568359375,2821.538330078125,938.80517578125,2633.5
2025-10-01,4550.5361328125,4178.615234375,44874.26953125,12750.2978515625,3388.62939453125,55162.3828125,17114.609375,2687.55615234375,930.09619140625,2580.0
2025-10-02,4446.55224609375,4076.50439453125,44398.67578125,12539.427734375,3340.459228515625,55807.0390625,16814.955078125,2604.496826171875,920.89794921875,2591.0
2025-10-03,4466.35888671875,4169.69287109375,45042.70703125,12416.8291015625,3463.342529296875,56531.02734375,17148.994140625,2534.292236328125,964.3448486328125,2612.5
2025-10-06,5043.71728515625,4453.22412109375,47272.0546875,12617.8916015625,3774.974365234375,59992.31640625,17709.001953125,2502.650634765625,959.9414672851562,2623.5
2025-10-07,4896.1591796875,4458.18115234375,46667.65625,12701.2587890625,3778.90673828125,59714.62109375,17556.71875,2520.943359375,953.8745727539062,2623.5
2025-10-08,4984.2978515625,4505.7666015625,46281.234375,12598.275390625,3825.11083984375,58375.7265625,17340.57421875,2516.493896484375,953.0917358398438,2650.5
2025-10-09,4883.28466796875,4607.87744140625,47846.73046875,12421.732421875,3859.51806640625,58633.58984375,17497.771484375,2470.020263671875,951.91748046875,2694.0
2025-10-10,4762.4658203125,4422.49169921875,51027.265625,12147.111328125,3790.703369140625,59942.73046875,17237.41796875,2436.8955078125,956.2230224609375,2672.0
2025-10-14,4591.13916015625,4272.79541015625,50997.54296875,12161.8232421875,3674.70166015625,56778.9765625,16977.0625,2451.23291015625,934.8910522460938,2537.0
2025-10-15,4756.5234375,4304.51904296875,51968.546875,12274.6142578125,3698.29541015625,57919.51171875,17320.927734375,2428.985107421875,934.108154296875,2539.5
2025-10-16,4776.330078125,4283.7001953125,51691.11328125,11916.625,3714.0244140625,58276.55078125,17502.68359375,2467.0537109375,929.9004516601562,2509.0
2025-10-17,4731.765625,4262.8818359375,51106.53125,12230.478515625,3629.480712890625,58296.3828125,17517.421875,2403.770751953125,947.5140991210938,2494.0
2025-10-20,4916.9560546875,4381.845703125,53058.44921875,12617.8916015625,3738.600830078125,60994.0078125,17674.615234375,2417.61376953125,963.464111328125,2558.5
2025-10-21,4840.701171875,4379.86279296875,54049.26953125,12985.6884765625,3708.125732421875,60329.51953125,17979.181640625,2474.4697265625,976.0872802734375,2580.0
2025-10-22,4969.443359375,4362.0185546875,54960.82421875,12853.28125,3754.329833984375,60498.12109375,18126.55078125,2503.14501953125,983.91552734375,2612.0
2025-10-23,4997.171875,4351.11328125,54841.92578125,12799.337890625,3792.669677734375,59585.69140625,17713.9140625,2522.9208984375,976.9679565429688,2550.5
2025-10-24,5029.85302734375,4339.216796875,54832.015625,12593.37109375,3802.500244140625,60488.203125,18008.654296875,2495.72900390625,962.8770751953125,2460.0
2025-10-27,5111.0595703125,4364.0009765625,56100.26953125,12799.337890625,3854.602783203125,61440.3046875,18362.34375,2507.100341796875,966.4976806640625,2570.5
2025-10-28,5044.70751953125,4337.23388671875,55436.41796875,12774.818359375,3794.6357421875,60379.109375,18244.447265625,2497.212158203125,958.9629516601562,2070.5
2025-10-29,5054.61083984375,4277.751953125,54960.82421875,12691.4501953125,3773.991455078125,61539.48046875,17718.828125,2484.85205078125,943.795654296875,1960.0
2025-10-30,5719.11767578125,4195.46875,53999.7265625,12662.0263671875,3932.264892578125,59516.265625,17684.439453125,2451.727294921875,951.7218017578125,1947.0
2025-10-31,5563.63720703125,4294.60498046875,56139.90234375,12794.43359375,3962.739990234375,56897.984375,17659.87890625,2471.997802734375,933.0317993164062,1883.0
2025-11-04,5528.9755859375,4257.92431640625,54524.859375,12696.3544921875,3854.602783203125,56054.98046875,17753.212890625,2440.356201171875,964.736328125,1967.0
2025-11-05,5592.3564453125,4207.36474609375,55614.765625,13485.892578125,3803.483154296875,55757.44921875,17586.193359375,2479.413818359375,974.71728515625,2040.0
2025-11-06,5542.84033203125,4312.4501953125,56060.6328125,13834.0732421875,3868.36572265625,55251.64453125,18956.73828125,2421.07470703125,976.3807983398438,2051.0
2025-11-07,5429.943359375,4222.23583984375,56684.8515625,13637.9150390625,3933.248046875,54547.48828125,19428.322265625,2463.593017578125,979.5121459960938,2021.0
2025-11-10,5557.6953125,4247.01953125,57695.48828125,13162.23046875,4000.0966796875,54904.5234375,19364.4609375,2482.87451171875,973.9345092773438,2073.0
2025-11-11,5676.5341796875,4480.98291015625,58091.81640625,13353.4853515625,4192.77783203125,54696.25,19393.935546875,2446.783447265625,932.8360595703125,2191.0
2025-11-12,5823.10205078125,4645.54931640625,57437.875,13618.298828125,4162.302734375,55479.75390625,19836.046875,2460.626708984375,932.3468017578125,2285.0
2025-11-13,5932.03759765625,4628.6962890625,56496.59765625,13402.525390625,4093.488037109375,55321.06640625,20405.87890625,2475.952880859375,934.597412109375,2248.0
2025-11-14,5922.1337890625,4659.4287109375,55981.3671875,13186.7509765625,4102.33544921875,55192.140625,20233.9453125,2585.709716796875,933.1295776367188,2246.0
2025-11-17,5822.111328125,4508.74072265625,53018.81640625,13172.0390625,4119.04736328125,54458.2265625,19585.517578125,2592.63134765625,894.8690185546875,2064.0
2025-11-18,5561.65673828125,4370.9404296875,53028.72265625,12946.45703125,3886.060791015625,52663.1171875,18853.578125,2591.148193359375,904.0672607421875,2043.0
2025-11-19,5703.2724609375,4294.60498046875,53375.51171875,12779.7216796875,3922.4345703125,52911.0625,18809.3671875,2626.744873046875,903.0886840820312,2031.0
2025-11-20,5922.1337890625,4422.49169921875,54118.625,13020.015625,3988.2998046875,53337.5234375,19266.21484375,2556.045654296875,900.4466552734375,1975.0
2025-11-21,6015.224609375,4468.0947265625,54296.9765625,13044.5361328125,4059.08056640625,53952.421875,19217.091796875,2661.352783203125,924.7142944335938,1921.0
2025-11-25,5959.76611328125,4350.1220703125,55476.05078125,12867.9931640625,4054.16552734375,53605.3046875,19384.111328125,2691.0166015625,895.8475341796875,1913.0
2025-11-26,5950.853515625,4485.939453125,56466.87109375,12980.7841796875,4127.89501953125,53109.4140625,19742.7109375,2730.56884765625,896.4346313476562,1958.0
2025-11-27,5931.04736328125,4543.4384765625,56734.39453125,12917.033203125,4156.404296875,52891.2265625,19949.03125,2700.90478515625,900.9359130859375,1956.0
2025-11-28,5833.9951171875,4535.5078125,56615.4921875,13024.919921875,4076.77587890625,52702.7890625,19929.380859375,2671.7353515625,896.1410522460938,1969.0
2025-12-01,5641.87255859375,4375.8974609375,55436.41796875,12814.0498046875,4015.82568359375,52008.546875,19595.341796875,2631.1943359375,888.4107055664062,2001.0
2025-12-02,5826.07275390625,4403.65576171875,56427.23828125,12617.8916015625,4049.25,51839.94921875,19423.41015625,2697.9384765625,883.6158447265625,1958.0
2025-12-03,5705.2529296875,4350.1220703125,56060.6328125,12411.9248046875,4039.419189453125,51889.53515625,19423.41015625,2616.362548828125,879.4081420898438,1985.0
2025-12-04,5671.58203125,4379.86279296875,57566.68359375,12627.69921875,4055.1484375,55281.3984375,19894.99609375,2694.4775390625,888.7042236328125,2092.0
2025-12-05,5667.62109375,4294.60498046875,56219.1640625,12259.90234375,3969.62158203125,53823.4921875,19364.4609375,2721.17529296875,883.6158447265625,2071.0
2025-12-08,5628.0078125,4262.8818359375,55634.58203125,12083.359375,3985.3505859375,54319.37890625,19413.5859375,2771.109619140625,873.8305053710938,2094.0
2025-12-09,5570.5693359375,4268.830078125,55158.98828125,11671.4267578125,4025.656494140625,53803.65625,19158.14453125,2777.53662109375,870.6991577148438,2090.0
2025-12-10,5522.04345703125,4145.900390625,55565.22265625,11357.5732421875,4031.5546875,54983.86328125,19109.01953125,2781.491943359375,878.8209838867188,2068.0
2025-12-11,5435.88525390625,4064.60791015625,55040.08984375,11181.0302734375,3991.2490234375,54220.203125,19271.126953125,2808.189453125,869.9163818359375,1995.0
2025-12-12,5472.52734375,4144.90869140625,56595.67578125,11504.6923828125,4144.60693359375,55876.4609375,19649.376953125,2854.662841796875,865.0237426757812,2012.0
2025-12-15,5438.8564453125,4103.271484375,56665.03515625,11274.2060546875,4172.13330078125,56045.0625,19182.705078125,2851.69677734375,878.3317260742188,2026.0
2025-12-16,5356.6591796875,4035.8583984375,56050.7265625,11131.9912109375,4119.04736328125,55241.7265625,19349.7265625,2738.479248046875,873.8305053710938,1974.0
2025-12-17,5412.11767578125,4004.134521484375,56189.44140625,10965.2568359375,4130.8447265625,55231.8125,19207.267578125,2787.424560546875,872.8519897460938,1985.0
2025-12-18,5262.57861328125,4020.98779296875,55872.37890625,10774.001953125,4130.8447265625,55569.01171875,19290.77734375,2855.65185546875,887.43212890625,1991.0
2025-12-19,5383.39794921875,3959.52294921875,55832.74609375,10445.4365234375,4234.06640625,54983.86328125,19241.654296875,2800.773681640625,879.7017211914062,1998.0
2025-12-22,5339.82373046875,3925.816650390625,56883.015625,10048.2158203125,4187.8623046875,56362.4296875,19865.521484375,2679.645751953125,869.5249633789062,2091.0
2025-12-23,5380.42724609375,4033.875732421875,56466.87109375,10313.029296875,4223.2529296875,57502.96484375,19993.2421875,2725.13037109375,873.3412475585938,2071.0
2025-12-24,5347.74658203125,3955.557373046875,55961.5546875,10234.56640625,4180.98046875,56997.1640625,19801.66015625,2722.1640625,875.7875366210938,2054.0
2025-12-25,5369.533203125,4004.134521484375,55565.22265625,10347.357421875,4156.404296875,56868.234375,19909.732421875,2696.455322265625,882.735107421875,2059.0
2025-12-26,5326.94970703125,4010.082763671875,56744.30078125,10587.6513671875,4190.8115234375,56491.36328125,19944.1171875,2709.3095703125,882.4415893554688,2076.0
2025-12-29,5263.5693359375,3994.220947265625,55872.37890625,10533.7080078125,4161.31982421875,56689.71484375,19541.306640625,2676.184814453125,886.5928344726562,2086.0
2025-12-30,5258.6171875,3989.26416015625,56417.328125,10391.4931640625,4255.69384765625,56213.6640625,19727.9765625,2711.781494140625,884.6160888671875,2132.0
2026-01-05,5381.41748046875,4043.789306640625,56655.125,10445.4365234375,4236.03271484375,56709.546875,19894.99609375,2651.959228515625,886.1974487304688,2092.0
2026-01-06,5630.97900390625,4075.51318359375,57863.92578125,10646.4990234375,4266.5078125,56679.796875,19958.85546875,2641.08251953125,879.4763793945312,2110.0
2026-01-07,5545.81103515625,3941.678466796875,56278.6171875,10151.19921875,4297.9658203125,55658.2734375,19276.0390625,2600.541748046875,876.412353515625,2089.0
2026-01-08,5587.40478515625,3896.07568359375,56179.53125,9984.4638671875,4313.69482421875,55479.75390625,18794.62890625,2597.5751953125,870.580810546875,2070.0
2026-01-09,5557.6953125,3842.54150390625,62173.99609375,9969.751953125,4262.5751953125,57195.51953125,18991.123046875,2673.712646484375,879.674072265625,2075.0
2026-01-13,5781.50830078125,3801.8955078125,63234.17578125,9758.8818359375,4470.001953125,57909.59375,19408.673828125,2547.146484375,884.1218872070312,2083.0
2026-01-14,5880.54052734375,3814.783447265625,64561.87890625,10023.6962890625,4555.52880859375,58345.97265625,19354.63671875,2533.303466796875,894.2035522460938,2085.0
2026-01-15,5864.6953125,3870.2998046875,63422.4296875,10249.2783203125,4557.4951171875,60408.86328125,19403.759765625,2585.709716796875,907.3492431640625,2139.0
2026-01-16,5841.91796875,3818.748779296875,62074.91796875,10317.93359375,4494.57861328125,61351.046875,19673.939453125,2598.069580078125,889.2615356445312,2153.0
2026-01-19,5940.9501953125,3747.370361328125,61728.1328125,10381.685546875,4486.71435546875,60874.99609375,19516.744140625,2582.743408203125,912.5877075195312,2380.0
2026-01-20,5837.95654296875,3703.750244140625,62431.61328125,10244.3740234375,4311.728515625,60200.58984375,19374.28515625,2638.1162109375,931.2684326171875,2365.0
2026-01-21,5750.80810546875,3669.05224609375,61599.3203125,9984.4638671875,4307.79638671875,59030.296875,19305.513671875,2677.66796875,933.6405639648438,2296.0
2026-01-22,5644.84326171875,3599.656494140625,60291.4375,9758.8818359375,4261.59228515625,58822.02734375,19192.529296875,2628.72265625,923.16357421875,2343.0
2026-01-23,5778.537109375,3582.80322265625,59944.65234375,10200.23828125,4305.83056640625,59000.54296875,19408.673828125,2607.957763671875,922.8670654296875,2379.0
2026-01-26,5556.70458984375,3515.39013671875,58953.83203125,10214.9501953125,3968.638427734375,57909.59375,18986.2109375,2735.018310546875,928.9951782226562,2281.0
2026-01-27,5631.96923828125,3459.873779296875,58626.86328125,10175.71875,4017.791748046875,58405.48046875,18686.556640625,2648.99267578125,926.42529296875,2260.0
2026-01-28,5626.02734375,3374.615966796875,57735.12109375,9969.751953125,3974.536865234375,57820.3359375,18126.55078125,2615.8681640625,917.9251098632812,2244.0
2026-01-29,5483.4208984375,3402.374267578125,57527.05078125,9740.2470703125,4005.9951171875,58296.3828125,17984.09375,2522.426513671875,918.616943359375,2190.0
2026-01-30,5159.5849609375,3424.184326171875,58260.25390625,9861.865234375,4210.47265625,55975.63671875,18259.185546875,2625.26171875,928.5009765625,2206.0
2026-02-02,5171.46923828125,3379.57275390625,59617.68359375,9708.861328125,4298.94873046875,55330.98828125,18666.91015625,2576.810546875,948.0712280273438,2279.0
2026-02-03,5301.20166015625,3474.744140625,61450.69921875,9886.384765625,4335.322265625,56441.76953125,19236.7421875,2606.474365234375,945.5013427734375,2333.0
2026-02-04,4676.30712890625,3316.125244140625,61173.26953125,8800.6484375,3995.181396484375,54101.1875,19035.3359375,2712.27587890625,956.0772094726562,2340.0
2026-02-05,4354.4521484375,3319.099365234375,62738.76953125,8613.31640625,3877.21337890625,52911.0625,17620.580078125,2808.683837890625,983.5546875,2329.0
2026-02-06,4269.2841796875,3476.72705078125,62917.11328125,8278.8662109375,3846.73828125,52821.80078125,17694.265625,2851.69677734375,988.3978271484375,2319.0
2026-02-09,4464.37841796875,3425.17578125,67227.1875,8495.6220703125,3947.993896484375,54864.85546875,18224.796875,2863.562255859375,929.093994140625,2360.0
2026-02-10,4788.2138671875,3529.269287109375,67881.125,8758.4736328125,4053.181884765625,56164.078125,18426.203125,2905.091796875,944.7106323242188,2387.0
2026-02-12,4459.42626953125,3573.880859375,67673.0546875,8474.0439453125,3919.485107421875,56491.36328125,19059.896484375,3007.927001953125,954.298095703125,2401.0
2026-02-13,4059.335693359375,3521.338623046875,68515.25,8189.61474609375,3763.177734375,55132.62890625,19030.421875,3023.747802734375,1031.3931884765625,2333.0
2026-02-16,4159.3583984375,3576.85498046875,66256.1796875,8286.712890625,3743.516357421875,57681.48828125,19443.060546875,3308.52197265625,1008.165771484375,2369.0
2026-02-17,3965.255126953125,3456.899658203125,66791.2265625,8247.4814453125,3637.34521484375,57711.2421875,19536.39453125,3393.55859375,1067.4696044921875,2354.0
2026-02-18,4001.89697265625,3443.020263671875,66900.21875,8470.12109375,3624.565185546875,57919.51171875,19845.87109375,3387.625732421875,1068.4580078125,2337.0
2026-02-19,4012.79052734375,3415.26220703125,67058.7421875,8452.466796875,3650.125,59724.5390625,19629.728515625,3279.8466796875,1047.70166015625,2349.0
2026-02-20,3878.1064453125,3307.203125,66345.3515625,8422.0625,3568.530517578125,60924.58203125,19384.111328125,3200.74267578125,1052.6436767578125,2300.0
2026-02-24,3637.4580078125,3277.462158203125,66236.359375,8376.9462890625,3256.898681640625,63215.578125,20106.2265625,3147.34765625,1081.8013916015625,2350.0
2026-02-25,3723.615966796875,3263.582763671875,67068.6484375,8350.46484375,3288.356689453125,66597.5234375,20170.0859375,3083.07568359375,1082.295654296875,2391.0
2026-02-26,4075.180908203125,3368.66796875,67626.1484375,8569.1806640625,3485.952880859375,65050.35546875,19354.63671875,3089.00830078125,1066.4813232421875,2410.0
2026-02-27,4292.0615234375,3611.552978515625,68721.2265625,8822.2255859375,3527.24169921875,65516.484375,19565.8671875,3092.963623046875,1057.0914306640625,2462.0
2026-03-02,4236.603515625,3561.984375,67446.953125,8574.0849609375,3472.18994140625,63552.77734375,19752.537109375,3062.310791015625,1022.9917602539062,2336.0
2026-03-03,4127.66796875,3338.9267578125,64599.74609375,8423.04296875,3364.052734375,62402.3203125,19138.494140625,2942.171630859375,952.8154907226562,2266.0
2026-03-04,4151.43603515625,3359.745361328125,64032.29296875,8534.853515625,3384.697021484375,60458.44921875,18603.048828125,2891.24853515625,951.728271484375,2420.0
2026-03-05,4183.12646484375,3350.8232421875,64072.1171875,8412.2548828125,3436.799560546875,60805.5703125,19256.390625,2787.424560546875,935.0243530273438,2320.0
2026-03-06,4401.98779296875,3443.020263671875,65137.328125,8513.2763671875,3620.633056640625,61241.953125,19619.904296875,2847.2470703125,941.5477294921875,2307.0
2026-03-09,4376.2392578125,3317.11669921875,62977.03515625,8440.697265625,3620.633056640625,57393.87109375,18711.119140625,2856.146240234375,906.4596557617188,2185.0
2026-03-10,4456.45556640625,3373.624755859375,63962.609375,8944.82421875,3595.073486328125,60151.0,18887.962890625,2771.60400390625,907.6456909179688,2286.0
2026-03-11,4269.2841796875,3416.25341796875,63245.828125,9741.2275390625,3494.800537109375,61152.69140625,19059.896484375,2808.189453125,905.8666381835938,2228.0
2026-03-12,4166.291015625,3429.14111328125,64878.4921875,9955.0400390625,3484.969970703125,61162.609375,19079.544921875,2720.680908203125,902.7037353515625,2315.0
2026-03-13,4215.80712890625,3428.14990234375,64709.25390625,10023.6962890625,3514.461669921875,60379.109375,18720.9453125,2702.88232421875,906.8550415039062,2315.0
2026-03-16,4225.7099609375,3354.78857421875,64410.59375,9906.0009765625,3481.03759765625,59119.55859375,18568.662109375,2697.9384765625,896.1803588867188,2261.0
2026-03-17,4159.3583984375,3298.280517578125,64808.8046875,9631.37890625,3462.359375,59020.37890625,18774.982421875,2803.73974609375,910.80859375,2244.0
2026-03-18,4147.474609375,3257.634765625,65555.453125,9669.6298828125,3416.1552734375,60430.25390625,19433.236328125,2810.66162109375,946.9839477539062,2274.0
2026-03-19,4084.093994140625,3242.76416015625,63146.27734375,9547.03125,3283.44140625,58865.94140625,19030.421875,2653.93701171875,908.5352783203125,2164.0
2026-03-23,3889.990478515625,3164.446044921875,61553.43359375,9250.83203125,3212.660400390625,56076.0859375,18303.39453125,2586.698486328125,897.2675170898438,2154.0
2026-03-24,4009.819580078125,3204.1005859375,61583.296875,8811.4365234375,3286.390380859375,56335.14453125,19010.7734375,2630.20556640625,913.5761108398438,2171.0
2026-03-25,4002.887451171875,3237.807373046875,62120.8828125,8807.513671875,3294.255126953125,57799.8203125,19418.498046875,2649.4873046875,928.7974853515625,2190.0
2026-03-26,3901.874267578125,3190.2216796875,61593.25390625,8817.3212890625,3205.779052734375,57520.83203125,20150.4375,2598.069580078125,915.9483032226562,2131.0
2026-03-27,3951.390625,3181.29931640625,61503.65625,9038.0,3210.694580078125,57122.28125,19094.283203125,2610.4296875,934.0359497070312,2080.0
2026-03-30,3773.139892578125,3172.839599609375,61344.37109375,8899.0,3101.3857421875,55169.3828125,18821.6484375,2529.270263671875,924.1519775390625,1976.0
2026-03-31,3829.901123046875,3193.73974609375,61354.328125,8775.0,3152.065185546875,54661.23046875,18524.23046875,2503.907958984375,919.7041625976562,1966.0
2026-04-01,4008.15185546875,3355.964599609375,63385.203125,9005.0,3278.26708984375,57779.890625,19525.5390625,2513.356689453125,931.0707397460938,2113.0
2026-04-02,4006.160400390625,3313.169189453125,62728.15625,8762.0,3239.51220703125,56673.9140625,19376.830078125,2493.9619140625,943.22802734375,2100.0
2026-04-03,4029.06396484375,3308.19287109375,64012.3828125,8736.0,3252.430419921875,57520.83203125,19594.9375,2366.15576171875,949.6526489257812,2184.0
2026-04-06,3994.21044921875,3276.34521484375,64838.671875,8849.0,3234.543701171875,58118.66015625,19317.345703125,2353.225830078125,954.989990234375,2184.0
2026-04-07,4056.94677734375,3295.254638671875,64798.8515625,8844.0,3323.97802734375,58078.8046875,19545.3671875,2343.27978515625,952.4201049804688,2136.0
2026-04-08,4170.4697265625,3371.888671875,67456.90625,8707.0,3447.19873046875,60300.7265625,20189.775390625,2421.853271484375,961.7111206054688,2188.0
2026-04-09,4031.0556640625,3358.950439453125,67148.296875,8531.0,3374.657470703125,61366.84765625,20105.505859375,2472.08056640625,957.2633056640625,2244.0
2026-04-10,3843.842529296875,3309.188232421875,75202.109375,8300.0,3303.110107421875,62213.76953125,20457.451171875,2406.934326171875,941.5477294921875,2298.0
2026-04-13,3865.75048828125,3235.5400390625,74714.296875,8297.0,3318.015625,63289.85546875,20060.892578125,2393.010009765625,939.2744750976562,2239.0
2026-04-14,4065.9091796875,3264.402099609375,74256.359375,8199.0,3459.123291015625,62622.28125,20313.69921875,2376.1015625,940.4605712890625,2217.0
2026-04-15,4251.13037109375,3324.116943359375,73977.609375,8189.0,3606.193115234375,62522.64453125,20075.763671875,2488.49169921875,963.8855590820312,2207.0
2026-04-16,4309.8837890625,3390.79833984375,74505.2421875,8324.0,3655.87890625,62801.62890625,21899.931640625,2542.199951171875,955.8795166015625,2306.0
2026-04-17,4309.8837890625,3378.855224609375,73718.7734375,8615.0,3746.30712890625,62582.42578125,21131.6015625,2508.880859375,965.6646728515625,2268.0
2026-04-20,4308.8876953125,3367.90771484375,74316.0859375,8507.0,3729.413818359375,63798.0078125,22048.642578125,2514.351318359375,965.961181640625,2408.0
2026-04-21,4412.45263671875,3330.08837890625,73420.1171875,8429.0,3858.596923828125,62941.125,21443.890625,2429.81005859375,960.7227172851562,2377.0
2026-04-22,4505.06298828125,3327.1025390625,71389.2421875,8413.0,3853.62841796875,63568.83984375,21052.2890625,2371.128662109375,966.653076171875,2429.0
2026-04-23,4274.0341796875,3247.48291015625,68980.0625,8220.0,3749.288330078125,63240.03515625,20908.537109375,2304.490478515625,940.4605712890625,2396.0
2026-04-24,4494.109375,3192.74462890625,69776.484375,7953.0,3672.772216796875,62951.0859375,21379.44921875,2286.09033203125,940.9547119140625,2465.0
2026-04-27,4605.640625,3172.839599609375,71548.5234375,7893.0,3800.96142578125,72914.8515625,21290.224609375,2254.262939453125,927.710205078125,2448.0
2026-04-28,4425.39794921875,3218.620849609375,72842.7109375,7922.0,3669.791015625,73532.609375,21676.869140625,2302.501220703125,930.280029296875,2372.0
2026-04-30,4083.833740234375,3098.1962890625,73260.828125,7687.0,3160.014892578125,71041.6640625,21776.0078125,2204.532958984375,901.5176391601562,2397.0
2026-05-01,4018.110107421875,3112.129638671875,72563.9609375,7597.0,3055.6748046875,76182.96875,22658.349609375,2270.1767578125,905.3724365234375,2398.0
2026-05-07,4011.139404296875,3115.115478515625,75421.125,7404.0,3219.637939453125,79062.5,24586.615234375,2239.343994140625,924.1519775390625,2593.0
2026-05-08,4182.41943359375,3099.191650390625,74664.5234375,7667.0,3360.74560546875,83865.0390625,24338.765625,2231.884521484375,934.0359497070312,2607.0
2026-05-11,4083.833740234375,3355.964599609375,74714.296875,7020.0,3320.003173828125,82001.8125,24081.00390625,2349.24755859375,904.5817260742188,2750.0
2026-05-12,4112.71240234375,3467.43212890625,71896.9609375,7179.0,3286.216796875,78972.828125,23902.552734375,2323.387939453125,918.122802734375,2829.0
2026-05-13,4172.46142578125,3642.59521484375,72175.703125,7141.0,3334.908935546875,79152.171875,25558.18359375,2290.56591796875,924.1519775390625,2435.0
2026-05-14,4032.051513671875,3427.622314453125,71010.9375,6864.0,3219.637939453125,77029.890625,24809.6796875,2252.771240234375,913.2796020507812,2687.0
2026-05-15,3987.23974609375,3558.99462890625,71309.59375,7151.0,3196.782470703125,76900.359375,25151.7109375,2401.961181640625,925.140380859375,2573.0
2026-05-18,4144.57861328125,3578.8994140625,69876.0390625,7182.0,3210.694580078125,76551.6328125,23813.326171875,2413.399169921875,921.5821533203125,2527.0
2026-05-19,4279.01318359375,3702.309814453125,73320.5625,7519.0,3311.059814453125,74728.2578125,23525.822265625,2416.88037109375,954.6934814453125,2675.0
2026-05-20,4122.67041015625,3588.851806640625,74405.6875,7500.0,3242.493408203125,72645.8359375,23401.896484375,2479.04296875,937.495361328125,2568.0
2026-05-21,4107.7333984375,3537.09912109375,72972.125,7274.0,3238.5185546875,76681.15625,23471.294921875,2460.642822265625,926.6229858398438,2630.0
2026-05-22,4087.817138671875,3508.237060546875,75172.2421875,7240.0,3286.216796875,79082.4296875,23857.939453125,2554.13525390625,931.56494140625,2715.0
2026-05-25,4088.81298828125,3580.889892578125,74754.1171875,7070.0,3287.21044921875,78574.2734375,24259.455078125,2501.42138671875,910.0178833007812,2821.0
2026-05-26,4095.78369140625,3531.127685546875,75172.2421875,7060.0,3348.82080078125,76840.578125,22935.94140625,2476.556396484375,897.6629028320312,2823.0
2026-05-27,4128.6455078125,3508.237060546875,77471.90625,7131.0,3489.928466796875,75505.4375,23203.6171875,2504.902587890625,917.5297241210938,2750.0
2026-05-28,4068.896484375,3434.5888671875,78029.40625,6972.0,3490.922119140625,74907.609375,23277.97265625,2504.902587890625,942.5361328125,2684.0
2026-05-29,4085.825439453125,3427.622314453125,81961.734375,7148.0,3346.83349609375,79819.75,23084.650390625,2604.362548828125,937.1988525390625,2792.0
2026-06-01,4350.7119140625,3525.15625,80149.875,7163.0,3627.061279296875,79929.3515625,23426.681640625,2517.3349609375,923.6577758789062,2899.0
2026-06-02,4415.43994140625,3651.55224609375,79323.5859375,7426.0,3677.74072265625,78056.15625,22465.02734375,2573.530029296875,919.3087768554688,2815.0
2026-06-03,4255.11376953125,3601.7900390625,78069.2265625,7457.0,3553.5263671875,80337.859375,23590.26171875,2634.20068359375,903.791015625,2859.0
2026-06-04,4206.31884765625,3523.165771484375,78517.2109375,7272.0,3463.09814453125,79750.0,23540.693359375,2724.709228515625,875.028564453125,2864.0
2026-06-05,4235.19775390625,3542.075439453125,78347.96875,7524.0,3568.43212890625,77787.140625,23496.080078125,2642.157470703125,894.3023681640625,2773.0
2026-06-08,4078.854736328125,3491.31787109375,78467.4375,7640.0,3443.223876953125,74708.3359375,23238.31640625,2624.254638671875,897.4652099609375,2605.0
2026-06-09,4047.984619140625,3426.626953125,77710.8359375,7738.0,3415.39990234375,74499.09375,23064.822265625,2686.417236328125,878.38916015625,2678.0
2026-06-10,3993.214599609375,3368.90283203125,78776.046875,7215.0,3340.87109375,72625.90625,23099.521484375,2692.882080078125,892.029052734375,2595.0
2026-06-11,3983.256591796875,3352.97900390625,78128.953125,7144.0,3345.83984375,71011.7734375,22871.5,2651.10888671875,912.9830932617188,2548.0
2026-06-12,3862.76318359375,3276.34521484375,80169.7890625,7174.0,3239.51220703125,72356.8828125,22831.84375,2675.973876953125,904.384033203125,2627.0
2026-06-15,3830.89697265625,3304.2119140625,80717.328125,7110.0,3239.51220703125,75375.90625,23159.005859375,2588.9462890625,917.6286010742188,2728.0
2026-06-16,3832.888671875,3259.426025390625,81583.4375,7218.0,3255.41162109375,75226.453125,23387.025390625,2563.086669921875,922.0763549804688,2737.0
2026-06-17,3835.8759765625,3270.37353515625,82529.1875,7275.0,3235.537353515625,75326.0859375,23476.251953125,2572.535400390625,932.849853515625,2796.0
2026-06-18,3956.36962890625,3234.544921875,83723.8203125,7166.0,3321.990478515625,77239.1328125,23590.26171875,2447.712890625,908.7329711914062,2777.0
2026-06-19,3740.27783203125,3125.06787109375,82728.2890625,7076.0,3190.820068359375,77418.4765625,23684.4453125,2345.26904296875,918.02392578125,2695.0
2026-06-22,3736.294677734375,3167.863525390625,81165.3125,7000.0,3167.964599609375,77707.4296875,23699.31640625,2323.387939453125,919.90185546875,2759.0
2026-06-23,3667.58349609375,3143.9775390625,81802.453125,6917.0,3142.128173828125,75405.796875,23426.681640625,2367.6474609375,904.384033203125,2789.0
2026-06-24,3821.9345703125,3234.544921875,81175.265625,6858.0,3211.688232421875,76471.921875,23287.88671875,2356.70703125,905.767822265625,2750.0
2026-06-25,3741.273681640625,3181.796875,83922.921875,6859.0,3166.970947265625,77089.671875,23644.7890625,2384.05859375,923.756591796875,2654.0
2026-06-26,3779.11474609375,3183.787353515625,83693.953125,6589.0,3178.8955078125,76820.6484375,23843.068359375,2426.826416015625,937.0999755859375,2543.0
2026-06-29,4030.059814453125,3283.311767578125,84002.5625,6935.0,3262.36767578125,77916.6640625,24249.541015625,2469.096923828125,944.5,2610.0
2026-06-30,3908.570556640625,3264.402099609375,82439.5859375,6815.0,3226.593994140625,80766.3046875,24472.60546875,2401.464111328125,943.5999755859375,2645.0
2026-07-01,3964.336181640625,3234.544921875,82340.0390625,6980.0,3216.65673828125,81334.2421875,24581.658203125,2297.5283203125,931.0999755859375,2747.0
2026-07-02,4182.41943359375,3314.164306640625,81951.78125,7137.0,3322.984375,80108.6953125,24888.990234375,2340.79345703125,951.9000244140625,2678.0
2026-07-03,4150.55322265625,3363.926513671875,84122.03125,7132.0,3305.097412109375,80009.0546875,25473.9140625,2326.868896484375,959.7999877929688,2787.0
2026-07-06,4328.80419921875,3405.726806640625,86541.15625,7033.0,3327.952880859375,80616.8515625,25925.0,2362.17724609375,990.0,2708.0
2026-07-07,4329.7998046875,3485.346435546875,87506.8203125,7148.0,3370.6826171875,77896.7421875,25756.462890625,2451.194091796875,993.0999755859375,2656.0
2026-07-08,4330.7958984375,3451.508056640625,86710.3984375,7085.0,3332.92138671875,74429.3515625,25240.935546875,2429.312744140625,991.9000244140625,2583.0
2026-07-09,4367.640625,3392.788818359375,84789.03125,7120.0,3370.6826171875,75326.0859375,24958.388671875,2412.90185546875,961.0,2613.0
2026-07-10,4314.86279296875,3343.0263671875,81742.71875,7030.0,3325.965576171875,76691.125,24893.947265625,2367.150146484375,943.0,2660.0
2026-07-13,4320.83740234375,3325.112060546875,80866.65625,7106.0,3287.21044921875,76422.1015625,24774.98046875,2384.05859375,953.7000122070312,2645.0
2026-07-14,4444.318359375,3366.912353515625,79433.09375,7050.0,3356.770751953125,75116.8515625,24685.75390625,2439.2587890625,963.7999877929688,2608.0
2026-07-15,4252.12646484375,3372.8837890625,78477.390625,7014.0,3197.776123046875,76342.390625,24774.98046875,2390.026123046875,961.4000244140625,2626.0
2026-07-16,4422.41064453125,3421.65087890625,78487.34375,7080.0,3236.531005859375,73781.703125,24656.013671875,2401.464111328125,964.7999877929688,2583.0
2026-07-17,4335.77490234375,3453.49853515625,78487.34375,7294.0,3277.2734375,70623.1875,24289.197265625,2445.7236328125,975.2000122070312,2482.0
2026-07-21,4388.552734375,3441.5556640625,80478.3984375,6993.0,3288.204345703125,71699.2734375,24309.0234375,2446.71826171875,966.0,2467.0
2026-07-22,4333.783203125,3427.622314453125,78228.5078125,7003.0,3290.191650390625,71848.734375,24031.43359375,2366.653076171875,960.5999755859375,2480.0
2026-07-23,4222.251953125,3428.617431640625,76745.171875,7001.0,3223.61279296875,71998.1875,23907.509765625,2377.09619140625,957.5,2556.0
2026-07-24,4231.21435546875,3392.788818359375,75879.0625,6969.0,3258.392822265625,71559.78125,23674.53125,2394.00439453125,957.2000122070312,2549.0
2026-07-27,4426.39404296875,3557.004150390625,77023.921875,7431.0,3460.116943359375,73901.265625,23927.337890625,2502.416015625,992.9000244140625,2557.0
2026-07-28,4471.20556640625,3644.585693359375,79592.3828125,7659.0,3676.7470703125,70692.9375,23540.693359375,2606.351806640625,1004.5,2564.0
2026-07-29,4593.6904296875,3790.886474609375,80040.3671875,7986.0,3819.842041015625,77308.875,23644.7890625,2716.255126953125,1050.5,2567.0
2026-07-30,4981.0625,3790.886474609375,78148.8671875,8145.0,3877.4775390625,78683.875,23436.595703125,2621.270751953125,1031.0,2480.0
2026-07-31,4720.1591796875,3768.9912109375,77840.25,7679.0,3636.004638671875,80855.9765625,23094.564453125,2524.79443359375,1006.5,2591.0
2026-08-03,4713.1884765625,3571.9326171875,79243.9453125,7589.0,3478.00390625,80317.9375,23094.564453125,2627.238525390625,994.5,2687.0
2026-08-04,4578.75341796875,3522.17041015625,78347.96875,7558.0,3414.40625,82599.640625,23560.521484375,2605.8544921875,998.4000244140625,2718.0
2026-08-05,4611.615234375,3548.046875,76526.15625,7428.0,3461.11083984375,87063.40625,22073.427734375,2605.8544921875,975.9000244140625,2785.0
2026-08-06,4670.3681640625,3608.7568359375,78537.125,7641.0,3556.50732421875,85220.109375,21909.845703125,2735.152587890625,999.9000244140625,2752.0
2026-08-07,4841.6484375,3703.304931640625,78955.2421875,8043.0,3651.904052734375,84801.6328125,22018.900390625,2809.747802734375,1023.0,2712.0
2026-08-10,4867.53955078125,3746.1005859375,78367.8828125,8265.0,3695.627685546875,84692.03125,22033.771484375,3083.262939453125,1030.5,2759.0
2026-08-12,4892.43505859375,3744.110107421875,77700.8828125,8488.0,3677.74072265625,86884.0546875,21384.40625,2925.61865234375,1003.0,2734.0
2026-08-13,4896.41796875,3682.40478515625,77004.0078125,8325.0,3726.432861328125,86316.125,21181.169921875,2956.451416015625,988.9000244140625,2778.0
2026-08-14,5146.36767578125,3893.396728515625,76775.0390625,8900.0,3816.86083984375,87342.390625,21072.1171875,2966.89453125,987.5,2772.0
2026-08-17,4765.96630859375,3762.0244140625,76476.3828125,8761.0,3640.97314453125,86435.6875,21265.439453125,2898.26708984375,972.2000122070312,2815.0
2026-08-18,4630.53564453125,3700.3193359375,74674.4765625,8760.0,3578.369140625,83825.1796875,20933.322265625,2887.823974609375,965.2000122070312,2810.0
2026-08-19,4642.4853515625,3671.457275390625,74604.7890625,8577.0,3584.33154296875,79361.4140625,20526.849609375,2891.304931640625,980.4000244140625,2633.0
2026-08-20,4799.82421875,3759.038818359375,75938.796875,8781.0,3719.476806640625,80397.6484375,20680.515625,3039.50048828125,999.5999755859375,2619.0
2026-08-21,4636.5107421875,3767.000732421875,73181.1875,8599.0,3623.08642578125,79610.5078125,20521.892578125,3012.646240234375,1003.5,2627.0
2026-08-24,4687.29736328125,3831.691650390625,72514.1875,8793.0,3676.7470703125,80606.8828125,20675.55859375,3052.430419921875,995.4000244140625,2580.0
2026-08-25,4630.53564453125,3813.777099609375,72205.5703125,8864.0,3704.571044921875,81951.9921875,20650.7734375,3056.40869140625,1000.0,2606.0
2026-08-26,4651.44775390625,3859.558349609375,71797.40625,8896.0,3692.646484375,81204.7109375,20804.439453125,3013.640869140625,992.5999755859375,2590.0
2026-08-27,4715.18017578125,3851.596435546875,71220.0,8728.0,3729.413818359375,81852.3515625,20660.6875,3047.457275390625,982.5999755859375,2603.0
2026-08-28,4887.4560546875,3909.320556640625,71260.0,8993.0,3879.46484375,82659.421875,20715.21484375,3051.435791015625,987.5999755859375,2626.0
2026-08-31,4887.4560546875,3996.902099609375,72450.0,9044.0,3844.684814453125,83356.8828125,20972.978515625,3031.543701171875,997.0999755859375,2581.0
2026-09-01,4984.0498046875,4026.759521484375,71260.0,9103.0,3922.19482421875,81981.8828125,20759.828125,3013.640869140625,987.7000122070312,2571.0
2026-09-02,4755.0126953125,3901.358642578125,70400.0,8821.0,3777.1123046875,77737.3203125,20591.291015625,3004.689453125,981.5999755859375,2480.0
2026-09-03,4709.205078125,3876.4775390625,68000.0,8855.0,3771.14990234375,77697.4609375,20640.859375,3257.318115234375,977.7000122070312,2470.0
2026-09-04,4807.79052734375,3866.525146484375,69100.0,8839.0,3875.489990234375,77438.40625,20323.61328125,3236.431396484375,968.9000244140625,2611.0
2026-09-07,4590.703125,3762.0244140625,69160.0,8750.0,3806.923828125,78604.1640625,20482.236328125,3198.63671875,964.2999877929688,2812.0
2026-09-08,4559.8330078125,3636.62353515625,68730.0,8750.0,3751.275634765625,76481.8828125,20283.95703125,3373.6865234375,966.5,2722.0
2026-09-09,4484.15087890625,3607.761474609375,66860.0,8401.0,3721.464111328125,76003.625,20655.73046875,3269.25341796875,944.0999755859375,2591.0
2026-09-10,4567.79931640625,3622.690185546875,66810.0,7989.0,3764.19384765625,76222.828125,20670.6015625,3249.361328125,945.2000122070312,2737.0
2026-09-11,4517.01318359375,3614.728271484375,66480.0,8093.0,3725.43896484375,75724.640625,20601.205078125,3224.496337890625,951.5,2691.0
2026-09-14,4828.70263671875,3769.986328125,66760.0,8268.0,4000.6982421875,75684.78125,20511.978515625,3240.409912109375,972.4000244140625,2655.0
2026-09-15,4774.9287109375,3707.285888671875,66620.0,8118.0,3920.207275390625,75385.8671875,20239.34375,3160.841796875,961.0,2642.0
2026-09-16,4820.736328125,3701.314453125,67030.0,8126.0,3909.2763671875,75625.0,20333.52734375,3063.370849609375,955.0,2646.0
2026-09-17,4875.505859375,3736.148193359375,67700.0,8475.0,3982.811279296875,76100.0,20521.892578125,3101.165771484375,971.5,2724.0
2026-09-18,4791.857421875,3679.419189453125,67680.0,8339.0,3953.99365234375,76580.0,20561.548828125,3013.640869140625,960.2000122070312,2856.0
2026-09-24,4771.94140625,3645.580810546875,67920.0,8196.0,3967.905517578125,77270.0,20541.720703125,3017.619384765625,952.9000244140625,2822.0
2026-09-25,4794.84521484375,3692.357421875,68620.0,8100.0,4002.685546875,79600.0,20680.515625,3058.39794921875,956.7000122070312,2840.0
2026-09-28,4758.0,3662.5,67850.0,7999.0,3953.0,78500.0,20740.0,2947.5,953.2000122070312,2340.0
2026-09-29,4785.0,3732.0,68710.0,7896.0,3945.0,79480.0,20705.0,2929.5,942.9000244140625,2250.0
